exercise_id,set_order,weight,reps,notes,rpe,date
1,1,120,11,,,01/01/2023
1,2,120,10,,,01/01/2023
1,3,120,10,,,01/01/2023
1,4,120,10,,,01/01/2023
2,1,25,6,,,01/01/2023
2,2,25,6,,,01/01/2023
2,3,25,6,,,01/01/2023
3,1,85,15,,,01/01/2023
3,2,85,12,,,01/01/2023
3,3,85,10,,,01/01/2023
3,4,55,9,,,01/01/2023
3,5,40,7,,,01/01/2023
4,1,85,16,,,01/01/2023
4,2,100,15,,,01/01/2023
4,3,100,14,,,01/01/2023
4,4,70,10,,,01/01/2023
4,5,40,10,,,01/01/2023
5,1,95,12,,,01/02/2023
5,2,95,12,,,01/02/2023
5,3,95,10,,,01/02/2023
5,4,95,8,,,01/02/2023
6,1,30,12,,,01/02/2023
6,2,30,12,,,01/02/2023
6,3,30,12,,,01/02/2023
7,1,25,8,,,01/02/2023
7,2,20,10,,,01/02/2023
7,3,20,10,,,01/02/2023
8,1,10,10,,,01/02/2023
8,2,10,10,,,01/02/2023
8,3,10,10,,,01/02/2023
9,1,0,6,,,01/02/2023
9,2,0,6,,,01/02/2023
10,1,10,12,,,01/02/2023
10,2,10,15,,,01/02/2023
10,3,10,15,,,01/02/2023
11,1,25,6,,,01/02/2023
11,2,25,6,,,01/02/2023
11,3,25,6,,,01/02/2023
12,1,40,12,,,01/02/2023
12,2,40,15,,,01/02/2023
12,3,40,15,,,01/02/2023
13,1,0,7,,,01/03/2023
13,2,0,7,,,01/03/2023
13,3,0,7,,,01/03/2023
13,4,0,7,,,01/03/2023
14,1,35,8,,,01/03/2023
14,2,35,8,,,01/03/2023
14,3,35,8,,,01/03/2023
15,1,60,14,,,01/03/2023
15,2,60,14,,,01/03/2023
15,3,60,14,,,01/03/2023
16,1,75,6,,,01/03/2023
16,2,60,8,,,01/03/2023
16,3,60,8,,,01/03/2023
17,1,50,12,,,01/03/2023
17,2,50,12,,,01/03/2023
17,3,50,12,,,01/03/2023
18,1,40,9,,,01/03/2023
18,2,40,9,,,01/03/2023
18,3,40,9,,,01/03/2023
19,1,180,10,,,01/04/2023
19,2,180,8,,,01/04/2023
19,3,180,6,,,01/04/2023
20,1,90,12,,,01/04/2023
20,2,90,12,,,01/04/2023
20,3,90,12,,,01/04/2023
21,1,30,20,,,01/04/2023
21,2,30,20,,,01/04/2023
21,3,30,20,,,01/04/2023
22,1,25,10,,,01/04/2023
22,2,25,10,,,01/04/2023
22,3,25,10,,,01/04/2023
3,1,90,17,,,01/04/2023
3,2,95,16,,,01/04/2023
3,3,100,14,,,01/04/2023
3,4,60,8,,,01/04/2023
3,5,30,10,,,01/04/2023
4,1,45,15,,,01/04/2023
4,2,50,15,,,01/04/2023
4,3,50,15,,,01/04/2023
4,4,25,15,,,01/04/2023
4,5,15,15,,,01/04/2023
23,1,80,12,,,01/05/2023
23,2,80,12,,,01/05/2023
23,3,80,11,,9.5,01/05/2023
23,4,80,10,,9.5,01/05/2023
24,1,25,12,,,01/05/2023
24,2,25,10,,,01/05/2023
24,3,25,8,,,01/05/2023
25,1,32.5,12,,,01/05/2023
25,2,32.5,12,,,01/05/2023
25,3,32.5,9,,,01/05/2023
26,1,24,10,,,01/05/2023
26,2,24,10,,,01/05/2023
26,3,24,9,,,01/05/2023
10,1,10,16,,,01/05/2023
10,2,12.5,10,,,01/05/2023
10,3,12.5,9,,,01/05/2023
27,1,25,12,,,01/05/2023
27,2,25,12,,,01/05/2023
27,3,25,10,,10,01/05/2023
28,1,25,12,,,01/05/2023
28,2,25,15,,,01/05/2023
28,3,25,15,,,01/05/2023
1,1,120,12,,,01/08/2023
1,2,120,11,,,01/08/2023
1,3,120,12,,,01/08/2023
1,4,120,7,,,01/08/2023
2,1,30,6,,,01/08/2023
2,2,30,6,,,01/08/2023
2,3,30,6,,,01/08/2023
29,1,40,10,,9.5,01/08/2023
29,2,40,10,,,01/08/2023
29,3,40,10,,,01/08/2023
3,1,70,15,,7.5,01/08/2023
3,2,70,12,,,01/08/2023
3,3,70,12,,,01/08/2023
4,1,45,15,,,01/08/2023
4,2,50,12,,,01/08/2023
4,3,50,12,,,01/08/2023
30,1,35,12,,,01/08/2023
30,2,35,10,,9,01/08/2023
30,3,35,10,,,01/08/2023
31,1,120,10,,,01/08/2023
31,2,120,10,,,01/08/2023
31,3,120,10,,,01/08/2023
5,1,100,10,,,01/09/2023
5,2,100,8,,,01/09/2023
5,3,100,6,,,01/09/2023
5,4,100,6,,,01/09/2023
32,1,27.5,12,,,01/09/2023
32,2,27.5,12,,9,01/09/2023
32,3,27.5,12,,,01/09/2023
33,1,22.5,7,,,01/09/2023
33,2,22.5,6,,,01/09/2023
33,3,22.5,6,,,01/09/2023
34,1,70,9,,,01/09/2023
34,2,70,9,,,01/09/2023
34,3,70,8,,,01/09/2023
8,1,24,12,,,01/09/2023
8,2,24,12,,,01/09/2023
8,3,24,12,,,01/09/2023
27,1,25,12,,,01/09/2023
27,2,25,12,,,01/09/2023
27,3,25,10,,,01/09/2023
10,1,12.5,12,,,01/09/2023
10,2,12.5,12,,,01/09/2023
12,1,20,15,,,01/09/2023
12,2,22.5,12,,,01/09/2023
12,3,22.5,12,,,01/09/2023
35,1,85,10,,,01/10/2023
35,2,85,10,,,01/10/2023
35,3,85,10,,,01/10/2023
36,1,65,12,,,01/10/2023
36,2,65,12,,,01/10/2023
36,3,65,12,,,01/10/2023
15,1,60,12,,,01/10/2023
15,2,60,12,,,01/10/2023
15,3,60,12,,,01/10/2023
37,1,72.5,12,,,01/10/2023
37,2,72.5,10,,,01/10/2023
37,3,72.5,10,,,01/10/2023
17,1,25,12,,,01/10/2023
17,2,25,11,,,01/10/2023
17,3,25,10,,,01/10/2023
38,1,15,12,,,01/10/2023
38,2,15,12,,,01/10/2023
38,3,15,10,,,01/10/2023
39,1,30,12,,,01/10/2023
39,2,30,11,,,01/10/2023
39,3,30,10,,,01/10/2023
40,1,155,5,,,01/11/2023
40,2,155,6,,,01/11/2023
40,3,155,6,,,01/11/2023
40,4,155,6,,,01/11/2023
41,1,160,14,,,01/11/2023
41,2,180,15,,,01/11/2023
41,3,180,15,,,01/11/2023
29,1,40,12,,,01/11/2023
29,2,42.5,12,,,01/11/2023
29,3,42.5,12,,,01/11/2023
3,1,85,16,,,01/11/2023
3,2,85,15,,,01/11/2023
3,3,85,12,,,01/11/2023
3,4,55,8,,,01/11/2023
3,5,25,6,,,01/11/2023
4,1,85,15,,,01/11/2023
4,2,85,15,,,01/11/2023
4,3,85,15,,,01/11/2023
4,4,55,10,,,01/11/2023
4,5,25,14,,,01/11/2023
23,1,85,10,,8.5,01/12/2023
23,2,85,10,,,01/12/2023
23,3,85,10,,,01/12/2023
23,4,85,9,,,01/12/2023
42,1,45,10,,,01/12/2023
42,2,45,12,,,01/12/2023
42,3,45,12,,,01/12/2023
25,1,32.5,11,,,01/12/2023
25,2,32.5,10,,,01/12/2023
25,3,32.5,10,,,01/12/2023
43,1,40,8,,,01/12/2023
43,2,40,8,,,01/12/2023
43,3,40,8,,,01/12/2023
26,1,24,10,,,01/12/2023
26,2,24,9,,,01/12/2023
26,3,24,9,,,01/12/2023
10,1,12.5,10,,,01/12/2023
10,2,12.5,10,,,01/12/2023
10,3,12.5,10,,,01/12/2023
12,1,20,15,,,01/12/2023
12,2,20,15,,,01/12/2023
12,3,20,15,,,01/12/2023
44,1,10,9,,,01/12/2023
44,2,10,9,,,01/12/2023
44,3,10,9,,,01/12/2023
13,1,0,7,,,01/15/2023
13,2,0,7,,,01/15/2023
13,3,0,7,,,01/15/2023
45,1,35,10,,,01/15/2023
45,2,35,10,,,01/15/2023
45,3,35,10,,,01/15/2023
46,1,55,10,,,01/15/2023
46,2,55,9,,,01/15/2023
46,3,55,9,,,01/15/2023
15,1,60,13,,,01/15/2023
15,2,60,13,,,01/15/2023
15,3,60,12,,,01/15/2023
17,1,25,15,,,01/15/2023
17,2,25,14,,,01/15/2023
17,3,25,13,,,01/15/2023
38,1,17.5,11,,,01/15/2023
38,2,17.5,10,,,01/15/2023
38,3,17.5,9,,,01/15/2023
1,1,125,10,,,01/16/2023
1,2,125,10,,,01/16/2023
1,3,125,9,,,01/16/2023
1,4,125,9,,,01/16/2023
2,1,22.5,10,,,01/16/2023
2,2,22.5,10,,,01/16/2023
2,3,22.5,10,,,01/16/2023
20,1,95,12,,,01/16/2023
20,2,105,10,,,01/16/2023
20,3,105,10,,,01/16/2023
3,1,85,14,,,01/16/2023
3,2,70,15,,,01/16/2023
3,3,70,15,,,01/16/2023
3,4,55,7,,,01/16/2023
3,5,25,6,,,01/16/2023
4,1,85,15,,,01/16/2023
4,2,85,13,,,01/16/2023
4,3,85,13,,,01/16/2023
4,4,55,12,,,01/16/2023
4,5,40,10,,,01/16/2023
47,1,35,10,,,01/16/2023
47,2,35,10,,,01/16/2023
47,3,35,10,,,01/16/2023
5,1,95,12,,,01/17/2023
5,2,95,10,,,01/17/2023
5,3,95,10,,,01/17/2023
5,4,95,7,,,01/17/2023
32,1,27.5,12,,,01/17/2023
32,2,27.5,11,,,01/17/2023
32,3,27.5,9,,,01/17/2023
48,1,22.5,11,,,01/17/2023
48,2,22.5,10,,,01/17/2023
48,3,22.5,9,,,01/17/2023
49,1,24,13,,,01/17/2023
49,2,24,13,,,01/17/2023
49,3,24,14,,,01/17/2023
10,1,12.5,12,,,01/17/2023
10,2,12.5,10,,,01/17/2023
10,3,12.5,10,,,01/17/2023
12,1,15,12,,,01/17/2023
12,2,15,12,,,01/17/2023
12,3,15,12,,,01/17/2023
45,1,35,11,,,01/18/2023
45,2,35,12,,,01/18/2023
45,3,35,12,,,01/18/2023
45,4,35,4,,,01/18/2023
37,1,70,10,,,01/18/2023
37,2,70,9,,,01/18/2023
37,3,70,9,,,01/18/2023
36,1,65,12,,,01/18/2023
36,2,65,12,,,01/18/2023
36,3,65,12,,,01/18/2023
50,1,25,15,,,01/18/2023
50,2,25,15,,,01/18/2023
50,3,25,13,,,01/18/2023
38,1,17.5,13,,,01/18/2023
38,2,17.5,11,,,01/18/2023
38,3,17.5,10,,,01/18/2023
39,1,30,12,,,01/18/2023
39,2,30,12,,,01/18/2023
39,3,30,12,,,01/18/2023
47,1,35,14,,,01/18/2023
47,2,35,10,,,01/18/2023
47,3,35,10,,,01/18/2023
40,1,160,6,,,01/19/2023
40,2,160,6,,,01/19/2023
40,3,160,6,,,01/19/2023
40,4,160,6,,,01/19/2023
29,1,42.5,12,,,01/19/2023
29,2,42.5,12,,,01/19/2023
29,3,42.5,10,,,01/19/2023
21,1,32.5,20,,,01/19/2023
21,2,32.5,20,,,01/19/2023
21,3,32.5,15,,,01/19/2023
3,1,85,15,,,01/19/2023
3,2,85,15,,,01/19/2023
3,3,85,15,,,01/19/2023
3,4,85,9,,,01/19/2023
3,5,85,8,,,01/19/2023
4,1,100,15,,,01/19/2023
4,2,100,14,,,01/19/2023
4,3,100,10,,,01/19/2023
4,4,70,10,,,01/19/2023
4,5,40,10,,,01/19/2023
47,1,35,12,,,01/19/2023
47,2,35,12,,,01/19/2023
47,3,35,12,,,01/19/2023
51,1,60,12,,,01/19/2023
51,2,60,12,,,01/19/2023
51,3,60,12,,,01/19/2023
23,1,85,10,,,01/22/2023
23,2,85,11,,,01/22/2023
23,3,85,10,,,01/22/2023
25,1,32.5,12,,,01/22/2023
25,2,32.5,12,,,01/22/2023
25,3,32.5,11,,,01/22/2023
42,1,50,9,,,01/22/2023
42,2,50,9,,,01/22/2023
42,3,50,9,,,01/22/2023
48,1,22.5,10,,,01/22/2023
48,2,22.5,10,,,01/22/2023
48,3,22.5,9,,,01/22/2023
26,1,24,10,,,01/22/2023
26,2,12,13,,,01/22/2023
26,3,12,13,,,01/22/2023
27,1,25,12,,,01/22/2023
27,2,25,11,,,01/22/2023
27,3,25,11,,,01/22/2023
52,1,10,8,,,01/22/2023
52,2,10,8,,,01/22/2023
52,3,10,8,,,01/22/2023
35,1,85,10,,,01/23/2023
35,2,85,11,,,01/23/2023
35,3,85,10,,,01/23/2023
35,4,85,10,,,01/23/2023
37,1,70,10,,,01/23/2023
37,2,70,9,,,01/23/2023
37,3,70,9,,,01/23/2023
46,1,57.5,10,,,01/23/2023
46,2,57.5,10,,,01/23/2023
46,3,57.5,10,,,01/23/2023
53,1,70,11,,,01/23/2023
53,2,70,10,,,01/23/2023
53,3,70,10,,,01/23/2023
50,1,25,15,,,01/23/2023
50,2,25,15,,,01/23/2023
50,3,25,15,,,01/23/2023
38,1,17.5,12,,,01/23/2023
38,2,17.5,12,,,01/23/2023
38,3,17.5,10,,,01/23/2023
39,1,30,12,,,01/23/2023
39,2,30,12,,,01/23/2023
1,1,125,11,,,01/24/2023
1,2,125,11,,,01/24/2023
1,3,125,9,,,01/24/2023
1,4,125,8,,,01/24/2023
2,1,22.5,12,,,01/24/2023
2,2,22.5,12,,,01/24/2023
2,3,22.5,12,,,01/24/2023
20,1,105,12,,,01/24/2023
20,2,105,12,,,01/24/2023
20,3,105,10,,,01/24/2023
47,1,25,12,,,01/24/2023
47,2,25,12,,,01/24/2023
47,3,25,12,,,01/24/2023
3,1,70,15,,,01/24/2023
3,2,70,15,,,01/24/2023
3,3,70,15,,,01/24/2023
4,1,85,15,,,01/24/2023
4,2,100,15,,,01/24/2023
4,3,100,13,,,01/24/2023
5,1,95,12,,,01/25/2023
5,2,95,12,,,01/25/2023
5,3,95,10,,,01/25/2023
5,4,95,10,,,01/25/2023
48,1,22.5,8,,,01/25/2023
48,2,22.5,7,,,01/25/2023
48,3,22.5,7,,,01/25/2023
32,1,27.5,10,,,01/25/2023
32,2,27.5,9,,,01/25/2023
32,3,27.5,10,,,01/25/2023
8,1,24,10,,,01/25/2023
8,2,24,10,,,01/25/2023
8,3,24,10,,,01/25/2023
10,1,10,15,,,01/25/2023
10,2,10,15,,,01/25/2023
10,3,10,15,,,01/25/2023
44,1,10,12,,,01/25/2023
44,2,10,12,,,01/25/2023
44,3,10,12,,,01/25/2023
52,1,10,10,,,01/25/2023
52,2,10,10,,,01/25/2023
54,1,85,12,,,01/26/2023
54,2,85,12,,,01/26/2023
54,3,85,12,,,01/26/2023
54,4,85,10,,,01/26/2023
55,1,35,10,,,01/26/2023
55,2,35,10,,,01/26/2023
55,3,35,10,,,01/26/2023
53,1,75,12,,,01/26/2023
53,2,75,12,,,01/26/2023
53,3,75,12,,,01/26/2023
19,1,190,12,,,01/29/2023
19,2,190,13,,,01/29/2023
19,3,190,15,,,01/29/2023
19,4,190,15,,,01/29/2023
56,1,190,10,,,01/29/2023
56,2,190,10,,,01/29/2023
56,3,190,10,,,01/29/2023
56,4,190,10,,,01/29/2023
29,1,42.5,12,,,01/29/2023
29,2,42.5,12,,,01/29/2023
29,3,42.5,10,,,01/29/2023
21,1,32.5,20,,,01/29/2023
21,2,32.5,20,,,01/29/2023
21,3,32.5,15,,,01/29/2023
3,1,90,17,,,01/29/2023
3,2,100,15,,,01/29/2023
3,3,100,15,,,01/29/2023
3,4,60,11,,,01/29/2023
3,5,30,11,,,01/29/2023
4,1,55,12,,,01/29/2023
4,2,55,12,,,01/29/2023
4,3,55,12,,,01/29/2023
4,4,40,11,,,01/29/2023
4,5,20,11,,,01/29/2023
23,1,85,10,,,01/30/2023
23,2,85,11,,,01/30/2023
23,3,85,10,,,01/30/2023
42,1,50,9,,,01/30/2023
42,2,50,9,,,01/30/2023
42,3,50,9,,,01/30/2023
25,1,32.5,12,,,01/30/2023
25,2,32.5,12,,,01/30/2023
25,3,32.5,11,,,01/30/2023
6,1,25,13,,,01/30/2023
6,2,25,12,,,01/30/2023
6,3,25,10,,,01/30/2023
10,1,10,15,,,01/30/2023
10,2,10,15,,,01/30/2023
10,3,10,15,,,01/30/2023
44,1,10,15,,,01/30/2023
44,2,10,15,,,01/30/2023
44,3,10,15,,,01/30/2023
52,1,10,10,,,01/30/2023
52,2,10,10,,,01/30/2023
1,1,125,12,,,01/31/2023
1,2,125,12,,,01/31/2023
1,3,125,12,,,01/31/2023
1,4,125,10,,,01/31/2023
20,1,105,10,,,01/31/2023
20,2,105,10,,,01/31/2023
20,3,105,10,,,01/31/2023
2,1,22.5,12,,,01/31/2023
2,2,22.5,12,,,01/31/2023
2,3,22.5,12,,,01/31/2023
4,1,100,12,,,01/31/2023
4,2,100,12,,,01/31/2023
4,3,100,12,,,01/31/2023
3,1,85,13,,,01/31/2023
3,2,85,12,,,01/31/2023
5,1,100,10,,,02/01/2023
5,2,100,10,,,02/01/2023
5,3,100,8,,,02/01/2023
5,4,100,6,,,02/01/2023
32,1,27.5,12,,,02/01/2023
32,2,27.5,12,,,02/01/2023
32,3,27.5,10,,,02/01/2023
48,1,22.5,10,,,02/01/2023
48,2,22.5,10,,,02/01/2023
48,3,22.5,10,,,02/01/2023
34,1,50,12,,,02/01/2023
34,2,50,12,,,02/01/2023
34,3,50,8,,,02/01/2023
49,1,24,12,,,02/01/2023
49,2,24,12,,,02/01/2023
49,3,24,12,,,02/01/2023
10,1,10,17,,,02/01/2023
10,2,10,13,,,02/01/2023
10,3,10,12,,,02/01/2023
52,1,7.5,12,,,02/01/2023
52,2,7.5,12,,,02/01/2023
52,3,7.5,12,,,02/01/2023
35,1,85,10,,,02/02/2023
35,2,85,10,,,02/02/2023
35,3,85,10,,,02/02/2023
35,4,85,10,,,02/02/2023
46,1,55,10,,,02/02/2023
46,2,55,10,,,02/02/2023
46,3,55,10,,,02/02/2023
37,1,70,10,,,02/02/2023
37,2,70,9,,,02/02/2023
37,3,70,9,,,02/02/2023
50,1,27.5,14,,,02/02/2023
50,2,27.5,12,,,02/02/2023
50,3,27.5,11,,,02/02/2023
39,1,35,13,,,02/02/2023
39,2,35,12,,,02/02/2023
39,3,35,10,,,02/02/2023
40,1,165,6,,,02/05/2023
40,2,165,6,,,02/05/2023
40,3,165,6,,,02/05/2023
40,4,165,6,,,02/05/2023
57,1,90,13,,,02/05/2023
57,2,90,15,,,02/05/2023
57,3,90,13,,,02/05/2023
29,1,42.5,10,,,02/05/2023
29,2,42.5,10,,,02/05/2023
29,3,42.5,10,,,02/05/2023
3,1,40,12,,,02/05/2023
3,2,40,12,,,02/05/2023
3,3,40,12,,,02/05/2023
3,4,25,4,,,02/05/2023
4,1,40,15,,,02/05/2023
4,2,40,15,,,02/05/2023
4,3,40,12,,,02/05/2023
51,1,60,15,,,02/05/2023
51,2,60,15,,,02/05/2023
51,3,60,15,,,02/05/2023
47,1,25,15,,,02/05/2023
47,2,25,15,,,02/05/2023
47,3,25,12,,,02/05/2023
23,1,85,12,,,02/06/2023
23,2,85,11,,,02/06/2023
23,3,85,8,,,02/06/2023
42,1,50,8,,,02/06/2023
42,2,50,10,,,02/06/2023
42,3,50,10,,,02/06/2023
25,1,32.5,12,,,02/06/2023
25,2,32.5,12,,,02/06/2023
25,3,32.5,12,,,02/06/2023
24,1,22.5,10,,,02/06/2023
24,2,22.5,10,,,02/06/2023
24,3,22.5,10,,,02/06/2023
26,1,12,12,,,02/06/2023
26,2,12,12,,,02/06/2023
26,3,12,12,,,02/06/2023
10,1,10,12,,,02/06/2023
10,2,10,12,,,02/06/2023
10,3,10,12,,,02/06/2023
44,1,10,12,,,02/06/2023
44,2,10,11,,,02/06/2023
44,3,10,10,,,02/06/2023
52,1,7.5,12,,,02/06/2023
52,2,7.5,15,,,02/06/2023
52,3,7.5,11,,,02/06/2023
13,1,0,8,,,02/07/2023
13,2,0,8,,,02/07/2023
13,3,0,8,,,02/07/2023
13,4,0,6,,,02/07/2023
58,1,65,12,,,02/07/2023
58,2,65,12,,,02/07/2023
58,3,65,12,,,02/07/2023
53,1,60,12,,,02/07/2023
53,2,60,12,,,02/07/2023
53,3,60,12,,,02/07/2023
50,1,27.5,14,,,02/07/2023
50,2,27.5,14,,,02/07/2023
50,3,27.5,13,,,02/07/2023
38,1,17.5,12,,,02/07/2023
38,2,17.5,12,,,02/07/2023
38,3,17.5,10,,,02/07/2023
59,1,17.5,8,,,02/07/2023
59,2,17.5,8,,,02/07/2023
59,3,17.5,8,,,02/07/2023
1,1,130,10,,,02/08/2023
1,2,130,10,,,02/08/2023
1,3,130,8,,,02/08/2023
1,4,130,8,,,02/08/2023
20,1,105,12,,,02/08/2023
20,2,105,12,,,02/08/2023
20,3,105,12,,,02/08/2023
2,1,25,10,,,02/08/2023
2,2,25,10,,,02/08/2023
2,3,25,10,,,02/08/2023
3,1,40,12,,,02/08/2023
4,1,40,15,,,02/08/2023
4,2,40,15,,,02/08/2023
4,3,40,12,,,02/08/2023
51,1,60,15,,,02/08/2023
51,2,60,15,,,02/08/2023
51,3,60,15,,,02/08/2023
5,1,100,12,,,02/09/2023
5,2,100,10,,,02/09/2023
5,3,100,10,,,02/09/2023
5,4,100,7,,,02/09/2023
32,1,30,11,,,02/09/2023
32,2,30,11,,,02/09/2023
32,3,30,225,,,02/09/2023
48,1,22.5,12,,,02/09/2023
48,2,22.5,10,,,02/09/2023
48,3,22.5,10,,,02/09/2023
49,1,10,12,,,02/09/2023
49,2,12.5,15,,,02/09/2023
49,3,12.5,13,,,02/09/2023
10,1,12.5,12,,,02/09/2023
10,2,12.5,13,,,02/09/2023
10,3,12.5,13,,,02/09/2023
44,1,12.5,12,,,02/09/2023
44,2,12.5,9,,,02/09/2023
44,3,12.5,8,,,02/09/2023
52,1,7.5,13,,,02/09/2023
52,2,7.5,12,,,02/09/2023
52,3,7.5,11,,,02/09/2023
45,1,35,10,,,02/12/2023
45,2,35,10,,,02/12/2023
45,3,35,10,,,02/12/2023
36,1,65,12,,,02/12/2023
36,2,65,10,,,02/12/2023
36,3,65,10,,,02/12/2023
37,1,72.5,10,,,02/12/2023
37,2,72.5,10,,,02/12/2023
37,3,72.5,10,,,02/12/2023
50,1,27.5,15,,,02/12/2023
50,2,27.5,15,,,02/12/2023
50,3,27.5,13,,,02/12/2023
60,1,17.5,14,,,02/12/2023
60,2,17.5,13,,,02/12/2023
60,3,17.5,10,,,02/12/2023
59,1,17.5,9,,,02/12/2023
59,2,17.5,9,,,02/12/2023
59,3,17.5,9,,,02/12/2023
40,1,170,6,,,02/13/2023
40,2,170,6,,,02/13/2023
40,3,170,6,,,02/13/2023
40,4,170,6,,,02/13/2023
29,1,42.5,10,,,02/13/2023
29,2,42.5,10,,,02/13/2023
29,3,42.5,10,,,02/13/2023
57,1,115,12,,,02/13/2023
57,2,115,12,,,02/13/2023
57,3,115,12,,,02/13/2023
47,1,25,15,,,02/13/2023
47,2,25,15,,,02/13/2023
47,3,25,12,,,02/13/2023
23,1,85,11,,,02/14/2023
23,2,85,10,,,02/14/2023
23,3,85,8,,,02/14/2023
34,1,75,10,,,02/14/2023
34,2,75,10,,,02/14/2023
34,3,75,10,,,02/14/2023
48,1,22.5,12,,,02/14/2023
48,2,22.5,12,,,02/14/2023
48,3,22.5,10,,,02/14/2023
10,1,12.5,12,,,02/14/2023
10,2,12.5,12,,,02/14/2023
44,1,12.5,10,,,02/14/2023
44,2,12.5,9,,,02/14/2023
44,3,12.5,9,,,02/14/2023
45,1,35,10,,,02/15/2023
45,2,35,10,,,02/15/2023
45,3,35,10,,,02/15/2023
45,4,35,10,,,02/15/2023
36,1,65,12,,,02/15/2023
36,2,65,12,,,02/15/2023
36,3,65,12,,,02/15/2023
50,1,30,12,,,02/15/2023
50,2,30,11,,,02/15/2023
50,3,30,10,,,02/15/2023
38,1,17.5,15,,,02/15/2023
38,2,17.5,12,,,02/15/2023
38,3,17.5,10,,,02/15/2023
42,1,55,10,,,02/16/2023
42,2,55,10,,,02/16/2023
42,3,55,10,,,02/16/2023
53,1,60,10,,,02/16/2023
53,2,60,10,,,02/16/2023
53,3,60,10,,,02/16/2023
48,1,25,11,,,02/16/2023
48,2,25,10,,,02/16/2023
48,3,25,10,,,02/16/2023
10,1,12.5,12,,,02/16/2023
10,2,12.5,10,,,02/16/2023
10,3,12.5,10,,,02/16/2023
60,1,17.5,12,,,02/16/2023
60,2,17.5,12,,,02/16/2023
60,3,17.5,10,,,02/16/2023
39,1,30,15,,,02/16/2023
39,2,40,10,,,02/16/2023
39,3,40,10,,,02/16/2023
52,1,7.5,15,,,02/16/2023
1,1,130,12,,,02/19/2023
1,2,130,10,,,02/19/2023
1,3,130,8,,,02/19/2023
1,4,130,8,,,02/19/2023
20,1,105,12,,,02/19/2023
20,2,105,12,,,02/19/2023
20,3,105,12,,,02/19/2023
51,1,60,15,,,02/19/2023
51,2,60,15,,,02/19/2023
51,3,60,15,,,02/19/2023
2,1,25,10,,,02/19/2023
2,2,25,10,,,02/19/2023
2,3,25,10,,,02/19/2023
3,1,40,15,,,02/19/2023
3,2,40,15,,,02/19/2023
3,3,40,15,,,02/19/2023
3,4,25,4,,,02/19/2023
3,5,10,4,,,02/19/2023
4,1,40,15,,,02/19/2023
4,2,40,15,,,02/19/2023
4,3,40,15,,,02/19/2023
47,1,25,15,,,02/19/2023
47,2,25,15,,,02/19/2023
47,3,25,15,,,02/19/2023
5,1,105,8,,,02/20/2023
5,2,105,8,,,02/20/2023
5,3,105,8,,,02/20/2023
5,4,105,8,,,02/20/2023
26,1,12,12,,,02/20/2023
26,2,12,12,,,02/20/2023
26,3,12,12,,,02/20/2023
32,1,30,12,,,02/20/2023
32,2,30,12,,,02/20/2023
32,3,30,9,,,02/20/2023
9,1,0,7,,,02/20/2023
9,2,0,9,,,02/20/2023
9,3,0,8,,,02/20/2023
44,1,10,12,,,02/20/2023
44,2,10,12,,,02/20/2023
44,3,10,10,,,02/20/2023
52,1,10,12,,,02/20/2023
52,2,10,12,,,02/20/2023
52,3,10,10,,,02/20/2023
45,1,35,10,,,02/21/2023
45,2,35,12,,,02/21/2023
45,3,35,12,,,02/21/2023
45,4,35,10,,,02/21/2023
61,1,40,15,,,02/21/2023
61,2,40,15,,,02/21/2023
61,3,40,15,,,02/21/2023
36,1,65,12,,,02/21/2023
36,2,65,12,,,02/21/2023
36,3,65,12,,,02/21/2023
50,1,27.5,12,,,02/21/2023
50,2,27.5,12,,,02/21/2023
50,3,27.5,12,,,02/21/2023
38,1,17.5,15,,,02/21/2023
38,2,17.5,12,,,02/21/2023
38,3,17.5,10,,,02/21/2023
39,1,35,12,,,02/21/2023
39,2,35,12,,,02/21/2023
39,3,35,12,,,02/21/2023
40,1,175,6,,,02/22/2023
40,2,175,6,,,02/22/2023
40,3,175,6,,,02/22/2023
40,4,175,6,,,02/22/2023
57,1,115,15,,,02/22/2023
57,2,115,15,,,02/22/2023
57,3,115,13,,,02/22/2023
29,1,45,8,,,02/22/2023
29,2,45,8,,,02/22/2023
29,3,45,8,,,02/22/2023
3,1,40,15,,,02/22/2023
3,2,40,15,,,02/22/2023
3,3,40,14,,,02/22/2023
4,1,40,15,,,02/22/2023
4,2,40,15,,,02/22/2023
4,3,40,14,,,02/22/2023
51,1,60,15,,,02/22/2023
51,2,60,15,,,02/22/2023
51,3,60,15,,,02/22/2023
48,1,25,12,,,02/23/2023
48,2,25,12,,,02/23/2023
48,3,25,10,,,02/23/2023
48,4,25,9,,,02/23/2023
53,1,60,11,,,02/23/2023
53,2,60,11,,,02/23/2023
53,3,60,10,,,02/23/2023
42,1,55,11,,,02/23/2023
42,2,55,9,,,02/23/2023
42,3,55,9,,,02/23/2023
62,1,5,13,,,02/23/2023
62,2,5,10,,,02/23/2023
62,3,5,10,,,02/23/2023
59,1,17.5,10,,,02/23/2023
59,2,17.5,8,,,02/23/2023
59,3,17.5,8,,,02/23/2023
60,1,17.5,9,,,02/23/2023
60,2,17.5,9,,,02/23/2023
60,3,17.5,8,,,02/23/2023
52,1,10,12,,,02/23/2023
52,2,10,12,,,02/23/2023
52,3,10,12,,,02/23/2023
1,1,135,6,,,02/26/2023
1,2,135,6,,,02/26/2023
1,3,135,6,,,02/26/2023
1,4,135,6,,,02/26/2023
1,5,135,6,,,02/26/2023
20,1,110,12,,,02/26/2023
20,2,110,12,,,02/26/2023
20,3,110,9,,,02/26/2023
2,1,25,12,,,02/26/2023
2,2,25,12,,,02/26/2023
2,3,25,12,,,02/26/2023
3,1,40,13,,,02/26/2023
3,2,40,11,,,02/26/2023
3,3,40,9,,,02/26/2023
4,1,40,17,,,02/26/2023
4,2,40,15,,,02/26/2023
4,3,40,15,,,02/26/2023
51,1,80,15,,,02/26/2023
51,2,80,15,,,02/26/2023
51,3,80,15,,,02/26/2023
47,1,25,12,,,02/26/2023
47,2,25,12,,,02/26/2023
47,3,25,12,,,02/26/2023
5,1,110,6,,,02/27/2023
5,2,110,6,,,02/27/2023
5,3,110,5,,,02/27/2023
5,4,110,6,,,02/27/2023
5,5,110,5,,,02/27/2023
32,1,30,13,,,02/27/2023
32,2,30,12,,,02/27/2023
32,3,30,10,,,02/27/2023
32,4,30,10,,,02/27/2023
8,1,10,15,,,02/27/2023
8,2,10,12,,,02/27/2023
8,3,10,12,,,02/27/2023
9,1,0,11,,,02/27/2023
9,2,0,10,,,02/27/2023
9,3,0,9,,,02/27/2023
27,1,25,12,,,02/27/2023
27,2,25,12,,,02/27/2023
27,3,25,12,,,02/27/2023
63,1,7.5,10,,,02/27/2023
63,2,7.5,8,,,02/27/2023
63,3,7.5,8,,,02/27/2023
45,1,45,11,,,02/28/2023
45,2,45,10,,,02/28/2023
45,3,45,10,,,02/28/2023
45,4,45,10,,,02/28/2023
37,1,85,10,,,02/28/2023
37,2,85,10,,,02/28/2023
37,3,85,10,,,02/28/2023
36,1,65,13,,,02/28/2023
36,2,65,13,,,02/28/2023
36,3,65,13,,,02/28/2023
50,1,30,10,,,02/28/2023
50,2,30,10,,,02/28/2023
50,3,30,10,,,02/28/2023
38,1,17.5,15,,,02/28/2023
38,2,17.5,13,,,02/28/2023
38,3,17.5,11,,,02/28/2023
39,1,30,11,,,02/28/2023
39,2,30,11,,,02/28/2023
39,3,30,11,,,02/28/2023
40,1,180,6,,,03/01/2023
40,2,180,6,,,03/01/2023
40,3,180,6,,,03/01/2023
40,4,180,4,,,03/01/2023
57,1,115,15,,,03/01/2023
57,2,125,13,,,03/01/2023
57,3,125,10,,,03/01/2023
29,1,42.5,10,,,03/01/2023
29,2,42.5,10,,,03/01/2023
29,3,42.5,10,,,03/01/2023
51,1,80,15,,,03/01/2023
51,2,80,15,,,03/01/2023
47,1,35,12,,,03/01/2023
47,2,35,12,,,03/01/2023
47,3,35,12,,,03/01/2023
3,1,40,12,,,03/01/2023
3,2,40,11,,,03/01/2023
3,3,40,10,,,03/01/2023
3,4,25,8,,,03/01/2023
3,5,10,4,,,03/01/2023
4,1,40,18,,,03/01/2023
4,2,55,10,,,03/01/2023
4,3,55,10,,,03/01/2023
42,1,65,10,,,03/02/2023
42,2,65,10,,,03/02/2023
42,3,65,10,,,03/02/2023
53,1,75,11,,,03/02/2023
53,2,75,11,,,03/02/2023
53,3,75,11,,,03/02/2023
53,4,75,11,,,03/02/2023
48,1,25,12,,,03/02/2023
48,2,30,10,,,03/02/2023
48,3,30,10,,,03/02/2023
48,4,30,10,,,03/02/2023
39,1,40,11,,,03/02/2023
39,2,40,11,,,03/02/2023
39,3,40,11,,,03/02/2023
10,1,10,13,,,03/02/2023
10,2,10,13,,,03/02/2023
10,3,10,13,,,03/02/2023
59,1,15,11,,,03/02/2023
59,2,15,11,,,03/02/2023
59,3,15,11,,,03/02/2023
12,1,15,12,,,03/02/2023
12,2,15,12,,,03/02/2023
12,3,15,12,,,03/02/2023
1,1,140,6,,,03/05/2023
1,2,140,6,,,03/05/2023
1,3,140,6,,,03/05/2023
1,4,140,6,,,03/05/2023
1,5,140,4,,,03/05/2023
20,1,110,10,,,03/05/2023
2,1,30,10,,,03/05/2023
2,2,30,10,,,03/05/2023
2,3,30,10,,,03/05/2023
5,1,110,6,,,03/06/2023
5,2,115,5,,,03/06/2023
5,3,115,5,,,03/06/2023
5,4,115,4,,,03/06/2023
6,1,40,12,,,03/06/2023
6,2,40,12,,,03/06/2023
6,3,40,10,,,03/06/2023
64,1,75,10,,,03/06/2023
64,2,75,10,,,03/06/2023
64,3,75,10,,,03/06/2023
9,1,0,14,,,03/06/2023
9,2,0,11,,,03/06/2023
9,3,0,8,,,03/06/2023
63,1,7.5,10,,,03/06/2023
63,2,7.5,8,,,03/06/2023
63,3,7.5,8,,,03/06/2023
40,1,185,6,,,03/07/2023
40,2,185,4,,,03/07/2023
40,3,185,4,,,03/07/2023
40,4,185,4,,,03/07/2023
40,5,185,4,,,03/07/2023
57,1,125,13,,,03/07/2023
57,2,125,13,,,03/07/2023
57,3,125,11,,,03/07/2023
29,1,45,10,,,03/07/2023
29,2,45,10,,,03/07/2023
29,3,45,7,,,03/07/2023
3,1,85,15,,,03/07/2023
3,2,85,13,,,03/07/2023
3,3,85,10,,,03/07/2023
3,4,55,8,,,03/07/2023
3,5,25,6,,,03/07/2023
4,1,100,13,,,03/07/2023
4,2,100,10,,,03/07/2023
4,3,100,8,,,03/07/2023
4,4,70,6,,,03/07/2023
4,5,40,10,,,03/07/2023
47,1,35,12,,,03/07/2023
47,2,35,10,,,03/07/2023
47,3,35,10,,,03/07/2023
42,1,55,10,,,03/08/2023
42,2,60,8,,,03/08/2023
42,3,60,6,,,03/08/2023
42,4,60,5,,,03/08/2023
53,1,70,12,,,03/08/2023
53,2,70,12,,,03/08/2023
53,3,70,10,,,03/08/2023
48,1,27.5,12,,,03/08/2023
48,2,27.5,11,,,03/08/2023
48,3,27.5,8,,,03/08/2023
10,1,12.5,13,,,03/08/2023
10,2,12.5,12,,,03/08/2023
10,3,12.5,10,,,03/08/2023
38,1,17.5,14,,,03/08/2023
38,2,17.5,10,,,03/08/2023
38,3,17.5,8,,,03/08/2023
39,1,40,9,,,03/08/2023
39,2,40,9,,,03/08/2023
39,3,40,9,,,03/08/2023
44,1,12.5,11,,,03/08/2023
44,2,12.5,8,,,03/08/2023
44,3,12.5,7,,,03/08/2023
63,1,7.5,15,,,03/08/2023
63,2,7.5,14,,,03/08/2023
63,3,7.5,12,,,03/08/2023
1,1,145,6,,,03/09/2023
1,2,145,6,,,03/09/2023
1,3,145,6,,,03/09/2023
1,4,145,6,,,03/09/2023
1,5,145,5,,,03/09/2023
20,1,115,12,,,03/09/2023
20,2,115,12,,,03/09/2023
20,3,115,10,,,03/09/2023
2,1,27.5,12,,,03/09/2023
2,2,27.5,12,,,03/09/2023
2,3,27.5,12,,,03/09/2023
3,1,70,15,,,03/09/2023
3,2,70,14,,,03/09/2023
3,3,70,12,,,03/09/2023
3,4,70,6,,,03/09/2023
3,5,70,5,,,03/09/2023
4,1,100,15,,,03/09/2023
4,2,100,11,,,03/09/2023
4,3,100,11,,,03/09/2023
4,4,70,7,,,03/09/2023
4,5,40,10,,,03/09/2023
47,1,25,15,,,03/09/2023
47,2,25,15,,,03/09/2023
47,3,25,15,,,03/09/2023
51,1,80,15,5 more with left,,03/09/2023
51,2,60,15,,,03/09/2023
51,3,60,15,,,03/09/2023
5,1,115,6,,,03/12/2023
5,2,115,6,,,03/12/2023
5,3,115,6,,,03/12/2023
5,4,115,4,,,03/12/2023
5,5,115,4,,,03/12/2023
32,1,30,14,,,03/12/2023
32,2,30,12,,,03/12/2023
32,3,30,6,,,03/12/2023
32,4,30,8,,,03/12/2023
26,1,12,10,,,03/12/2023
26,2,12,11,,,03/12/2023
26,3,12,10,,,03/12/2023
9,1,0,12,,,03/12/2023
9,2,0,10,,,03/12/2023
9,3,0,9,,,03/12/2023
44,1,10,12,,,03/12/2023
44,2,10,12,,,03/12/2023
44,3,10,12,,,03/12/2023
63,1,7.5,12,,,03/12/2023
63,2,7.5,12,,,03/12/2023
63,3,7.5,12,,,03/12/2023
45,1,45,10,,,03/13/2023
45,2,45,10,,,03/13/2023
45,3,45,8,,,03/13/2023
61,1,40,15,,,03/13/2023
61,2,42.5,15,,,03/13/2023
61,3,42.5,14,,,03/13/2023
36,1,80,10,,,03/13/2023
36,2,80,8,,,03/13/2023
36,3,80,8,,,03/13/2023
50,1,30,13,,,03/13/2023
50,2,30,12,,,03/13/2023
50,3,30,11,,,03/13/2023
65,1,17.5,12,,,03/13/2023
65,2,17.5,12,,,03/13/2023
65,3,17.5,12,,,03/13/2023
60,1,17.5,9,,,03/13/2023
60,2,17.5,8,,,03/13/2023
60,3,17.5,8,,,03/13/2023
40,1,185,6,,,03/14/2023
40,2,185,6,,,03/14/2023
40,3,185,6,,,03/14/2023
40,4,185,4,,,03/14/2023
57,1,125,15,,,03/14/2023
57,2,125,11,,,03/14/2023
57,3,125,10,,,03/14/2023
3,1,70,15,,,03/14/2023
3,2,55,15,,,03/14/2023
3,3,55,15,,,03/14/2023
3,4,40,10,,,03/14/2023
3,5,25,10,,,03/14/2023
4,1,85,15,,,03/14/2023
4,2,85,15,,,03/14/2023
4,3,85,11,,,03/14/2023
4,4,70,10,,,03/14/2023
4,5,40,10,,,03/14/2023
47,1,25,15,,,03/14/2023
47,2,25,14,,,03/14/2023
47,3,25,12,,,03/14/2023
51,1,60,15,,,03/14/2023
51,2,60,15,,,03/14/2023
51,3,60,15,,,03/14/2023
42,1,60,8,,,03/15/2023
42,2,60,8,,,03/15/2023
42,3,60,6,,,03/15/2023
42,4,60,5,,,03/15/2023
48,1,27.5,9,,,03/15/2023
48,2,25,9,,,03/15/2023
48,3,25,8,,,03/15/2023
48,4,25,7,,,03/15/2023
10,1,10,12,,,03/15/2023
10,2,10,12,,,03/15/2023
10,3,10,12,,,03/15/2023
38,1,20,8,,,03/15/2023
38,2,20,10,,,03/15/2023
38,3,20,8,,,03/15/2023
63,1,7.5,15,,,03/15/2023
63,2,7.5,15,,,03/15/2023
63,3,7.5,15,,,03/15/2023
1,1,150,6,,,03/16/2023
1,2,150,4,,,03/16/2023
1,3,150,4,,,03/16/2023
1,4,150,3,,,03/16/2023
20,1,115,12,,,03/16/2023
20,2,115,12,,,03/16/2023
20,3,115,8,,,03/16/2023
2,1,30,10,,,03/16/2023
2,2,30,8,,,03/16/2023
2,3,30,8,,,03/16/2023
3,1,55,16,,,03/16/2023
3,2,55,15,,,03/16/2023
3,3,55,15,,,03/16/2023
3,4,10,10,,,03/16/2023
4,1,85,15,,,03/16/2023
4,2,85,14,,,03/16/2023
4,3,85,12,,,03/16/2023
4,4,25,10,,,03/16/2023
47,1,25,15,,,03/16/2023
47,2,25,14,,,03/16/2023
47,3,25,12,,,03/16/2023
51,1,60,15,,,03/16/2023
51,2,60,15,,,03/16/2023
51,3,60,15,,,03/16/2023
5,1,120,5,,,03/19/2023
5,2,120,5,,,03/19/2023
5,3,120,4,,,03/19/2023
5,4,120,4,,,03/19/2023
5,5,120,3,,,03/19/2023
32,1,30,12,,,03/19/2023
32,2,30,10,,,03/19/2023
32,3,30,8,,,03/19/2023
32,4,30,8,,,03/19/2023
49,1,24,12,,,03/19/2023
49,2,24,12,,,03/19/2023
49,3,24,10,,,03/19/2023
9,1,0,12,,,03/19/2023
9,2,0,8,,,03/19/2023
9,3,0,8,,,03/19/2023
44,1,10,12,,,03/19/2023
44,2,10,12,,,03/19/2023
44,3,10,12,,,03/19/2023
12,1,15,15,,,03/19/2023
12,2,15,12,,,03/19/2023
12,3,15,12,,,03/19/2023
40,1,190,5,,,03/20/2023
40,2,190,5,,,03/20/2023
40,3,190,4,,,03/20/2023
40,4,190,4,,,03/20/2023
57,1,125,15,,,03/20/2023
57,2,125,15,,,03/20/2023
57,3,125,11,,,03/20/2023
3,1,70,12,,,03/20/2023
3,2,55,12,,,03/20/2023
3,3,55,12,,,03/20/2023
3,4,25,8,,,03/20/2023
4,1,100,14,,,03/20/2023
4,2,85,15,,,03/20/2023
4,3,85,12,,,03/20/2023
4,4,40,8,,,03/20/2023
51,1,80,15,,,03/20/2023
51,2,60,15,,,03/20/2023
51,3,60,15,,,03/20/2023
47,1,25,15,,,03/20/2023
47,2,25,14,,,03/20/2023
47,3,25,12,,,03/20/2023
42,1,65,10,,,03/21/2023
42,2,65,10,,,03/21/2023
42,3,65,9,,,03/21/2023
42,4,65,8,,,03/21/2023
53,1,75,12,,,03/21/2023
53,2,75,12,,,03/21/2023
53,3,75,10,,,03/21/2023
48,1,25,12,,,03/21/2023
48,2,25,10,,,03/21/2023
48,3,25,10,,,03/21/2023
48,4,25,9,,,03/21/2023
10,1,10,12,,,03/21/2023
10,2,10,12,,,03/21/2023
10,3,10,12,,,03/21/2023
59,1,15,12,,,03/21/2023
59,2,15,12,,,03/21/2023
59,3,15,12,,,03/21/2023
38,1,15,12,,,03/21/2023
38,2,15,10,,,03/21/2023
38,3,15,8,,,03/21/2023
44,1,10,12,,,03/21/2023
44,2,10,12,,,03/21/2023
44,3,10,12,,,03/21/2023
1,1,150,5,,,03/22/2023
1,2,150,5,,,03/22/2023
1,3,150,4,,,03/22/2023
1,4,145,4,,,03/22/2023
1,5,145,4,,,03/22/2023
29,1,40,13,,,03/22/2023
29,2,40,11,,,03/22/2023
29,3,40,9,,,03/22/2023
2,1,25,11,,,03/22/2023
2,2,25,10,,,03/22/2023
2,3,25,7,,,03/22/2023
3,1,75,11,,,03/22/2023
3,2,60,10,,,03/22/2023
3,3,60,10,,,03/22/2023
4,1,50,10,,,03/22/2023
4,2,50,9,,,03/22/2023
4,3,40,11,,,03/22/2023
4,4,10,10,,,03/22/2023
51,1,45,15,,,03/22/2023
51,2,45,15,,,03/22/2023
51,3,45,15,,,03/22/2023
5,1,115,6,,,03/23/2023
5,2,115,6,,,03/23/2023
5,3,115,6,,,03/23/2023
5,4,115,6,,,03/23/2023
5,5,115,4,,,03/23/2023
32,1,35,10,,,03/23/2023
32,2,35,8,,,03/23/2023
32,3,35,8,,,03/23/2023
44,1,10,12,,,03/23/2023
44,2,10,12,,,03/23/2023
44,3,10,12,,,03/23/2023
45,1,45,10,,,03/26/2023
45,2,45,8,,,03/26/2023
45,3,45,6,,,03/26/2023
14,1,35,8,,,03/26/2023
14,2,25,8,,,03/26/2023
14,3,25,8,,,03/26/2023
46,1,60,10,,,03/26/2023
46,2,60,10,,,03/26/2023
46,3,60,10,,,03/26/2023
39,1,40,10,,,03/26/2023
39,2,40,10,,,03/26/2023
39,3,40,10,,,03/26/2023
19,1,190,12,,,03/27/2023
19,2,190,12,,,03/27/2023
19,3,190,12,,,03/27/2023
19,4,190,12,,,03/27/2023
29,1,40,13,,,03/27/2023
29,2,40,13,,,03/27/2023
29,3,40,13,,,03/27/2023
3,1,60,15,,,03/27/2023
3,2,60,15,,,03/27/2023
3,3,60,15,,,03/27/2023
3,4,15,8,,,03/27/2023
4,1,45,15,,,03/27/2023
4,2,45,15,,,03/27/2023
4,3,45,15,,,03/27/2023
4,4,15,8,,,03/27/2023
42,1,70,9,,,03/28/2023
42,2,70,8,,,03/28/2023
42,3,70,8,,,03/28/2023
42,4,70,8,,,03/28/2023
53,1,75,12,,,03/28/2023
53,2,75,10,,,03/28/2023
53,3,75,8,,,03/28/2023
48,1,25,12,,,03/28/2023
48,2,25,12,,,03/28/2023
48,3,25,10,,,03/28/2023
48,4,25,8,,,03/28/2023
10,1,10,12,,,03/28/2023
10,2,10,12,,,03/28/2023
10,3,10,12,,,03/28/2023
18,1,40,11,,,03/28/2023
18,2,40,11,,,03/28/2023
18,3,40,11,,,03/28/2023
52,1,10,15,,,03/28/2023
52,2,10,15,,,03/28/2023
52,3,10,15,,,03/28/2023
1,1,150,6,,,03/29/2023
1,2,150,6,,,03/29/2023
1,3,150,5,,,03/29/2023
1,4,150,5,,,03/29/2023
1,5,150,5,,,03/29/2023
20,1,115,12,,,03/29/2023
20,2,115,12,,,03/29/2023
20,3,115,10,,,03/29/2023
2,1,30,8,,,03/29/2023
2,2,30,7,,,03/29/2023
2,3,30,7,,,03/29/2023
3,1,60,14,,,03/29/2023
3,2,60,12,,,03/29/2023
3,3,60,10,,,03/29/2023
3,4,30,8,,,03/29/2023
3,5,15,6,,,03/29/2023
4,1,45,15,,,03/29/2023
4,2,45,13,,,03/29/2023
4,3,45,12,,,03/29/2023
4,4,20,10,,,03/29/2023
4,5,10,8,,,03/29/2023
51,1,45,15,,,03/29/2023
51,2,45,15,,,03/29/2023
51,3,45,15,,,03/29/2023
5,1,120,6,,,03/30/2023
5,2,120,6,,,03/30/2023
5,3,120,5,,,03/30/2023
5,4,120,4,,,03/30/2023
5,5,120,3,,,03/30/2023
32,1,30,12,,,03/30/2023
32,2,30,11,,,03/30/2023
32,3,30,0,,,03/30/2023
49,1,10,15,,,03/30/2023
49,2,10,13,,,03/30/2023
49,3,10,12,,,03/30/2023
9,1,0,12,,,03/30/2023
9,2,0,10,,,03/30/2023
9,3,0,9,,,03/30/2023
44,1,10,13,,,03/30/2023
44,2,12,10,,,03/30/2023
44,3,12,10,,,03/30/2023
52,1,30,12,,,03/30/2023
52,2,30,12,,,03/30/2023
52,3,30,12,,,03/30/2023
45,1,45,10,,,04/02/2023
45,2,45,8,,,04/02/2023
45,3,45,6,,,04/02/2023
37,1,75,12,,,04/02/2023
37,2,75,11,,,04/02/2023
37,3,75,10,,,04/02/2023
46,1,60,10,,,04/02/2023
40,1,190,5,,,04/03/2023
40,2,190,6,,,04/03/2023
40,3,190,6,,,04/03/2023
40,4,190,5,,,04/03/2023
40,5,190,4,,,04/03/2023
19,1,190,12,,,04/03/2023
19,2,190,12,,,04/03/2023
19,3,190,10,,,04/03/2023
3,1,60,13,,,04/03/2023
3,2,60,12,,,04/03/2023
3,3,60,10,,,04/03/2023
4,1,50,12,,,04/03/2023
4,2,50,13,,,04/03/2023
4,3,50,13,,,04/03/2023
4,4,20,8,,,04/03/2023
4,5,10,10,,,04/03/2023
47,1,45,8,,,04/03/2023
47,2,45,8,,,04/03/2023
47,3,45,8,,,04/03/2023
48,1,25,11,,,04/04/2023
48,2,25,10,,,04/04/2023
48,3,25,8,,,04/04/2023
48,4,25,8,,,04/04/2023
66,1,0,8,,,04/04/2023
66,2,0,7,,,04/04/2023
66,3,0,7,,,04/04/2023
67,1,0,8,,,04/04/2023
67,2,0,8,,,04/04/2023
67,3,0,8,,,04/04/2023
10,1,10,12,,,04/04/2023
10,2,10,12,,,04/04/2023
10,3,10,12,,,04/04/2023
38,1,20,10,,,04/04/2023
38,2,20,8,,,04/04/2023
38,3,20,8,,,04/04/2023
44,1,10,16,,,04/04/2023
44,2,10,15,,,04/04/2023
44,3,10,14,,,04/04/2023
1,1,155,6,,,04/05/2023
1,2,155,5,,,04/05/2023
1,3,155,5,,,04/05/2023
1,4,155,4,,,04/05/2023
1,5,155,4,,,04/05/2023
29,1,40,15,,,04/05/2023
29,2,40,14,,,04/05/2023
29,3,40,12,,,04/05/2023
2,1,25,10,,,04/05/2023
2,2,25,8,,,04/05/2023
2,3,25,6,,,04/05/2023
3,1,60,13,,,04/05/2023
3,2,60,12,,,04/05/2023
3,3,60,10,,,04/05/2023
4,1,50,15,,,04/05/2023
4,2,50,13,,,04/05/2023
4,3,50,13,,,04/05/2023
51,1,45,15,,,04/05/2023
51,2,45,15,,,04/05/2023
51,3,45,15,,,04/05/2023
47,1,35,12,,,04/05/2023
47,2,35,12,,,04/05/2023
47,3,35,12,,,04/05/2023
5,1,125,5,,,04/06/2023
5,2,125,4,,,04/06/2023
5,3,125,4,,,04/06/2023
5,4,125,4,,,04/06/2023
6,1,35,10,,,04/06/2023
6,2,35,10,,,04/06/2023
6,3,35,10,,,04/06/2023
64,1,75,10,,,04/06/2023
64,2,75,10,,,04/06/2023
64,3,75,10,,,04/06/2023
9,1,0,12,,,04/06/2023
9,2,0,11,,,04/06/2023
9,3,0,9,,,04/06/2023
44,1,10,15,,,04/06/2023
44,2,10,14,,,04/06/2023
44,3,10,14,,,04/06/2023
28,1,50,12,,,04/06/2023
28,2,50,12,,,04/06/2023
28,3,50,12,,,04/06/2023
45,1,45,10,,,04/09/2023
45,2,45,10,,,04/09/2023
45,3,45,8,,,04/09/2023
45,4,45,6,,,04/09/2023
37,1,60,14,,,04/09/2023
37,2,60,12,,,04/09/2023
37,3,60,12,,,04/09/2023
46,1,50,11,,,04/09/2023
46,2,50,11,,,04/09/2023
46,3,50,10,,,04/09/2023
50,1,50,10,,,04/09/2023
50,2,50,10,,,04/09/2023
50,3,50,10,,,04/09/2023
68,1,85,11,,,04/09/2023
68,2,85,10,,,04/09/2023
68,3,85,9,,,04/09/2023
59,1,15,12,,,04/09/2023
59,2,15,12,,,04/09/2023
59,3,15,12,,,04/09/2023
60,1,15,12,,,04/09/2023
60,2,15,12,,,04/09/2023
60,3,15,12,,,04/09/2023
4,1,50,15,,,04/10/2023
4,2,50,14,,,04/10/2023
4,3,50,14,,,04/10/2023
19,1,190,12,,,04/10/2023
19,2,190,12,,,04/10/2023
19,3,190,10,,,04/10/2023
19,4,190,10,,,04/10/2023
56,1,190,10,,,04/10/2023
56,2,190,10,,,04/10/2023
56,3,190,10,,,04/10/2023
20,1,120,12,,,04/10/2023
20,2,120,12,,,04/10/2023
20,3,120,10,,,04/10/2023
47,1,35,12,,,04/10/2023
47,2,35,12,,,04/10/2023
47,3,35,12,,,04/10/2023
3,1,60,15,,,04/10/2023
3,2,60,12,,,04/10/2023
3,3,60,10,,,04/10/2023
48,1,25,11,,,04/11/2023
48,2,25,10,,,04/11/2023
48,3,25,8,,,04/11/2023
48,4,25,8,,,04/11/2023
66,1,0,9,,,04/11/2023
66,2,0,7,,,04/11/2023
66,3,0,7,,,04/11/2023
53,1,75,14,,,04/11/2023
53,2,65,12,,,04/11/2023
53,3,65,12,,,04/11/2023
10,1,10,12,,,04/11/2023
10,2,10,12,,,04/11/2023
10,3,10,12,,,04/11/2023
59,1,15,12,,,04/11/2023
59,2,15,10,,,04/11/2023
59,3,15,10,,,04/11/2023
38,1,20,9,,,04/11/2023
38,2,20,7,,,04/11/2023
38,3,20,7,,,04/11/2023
44,1,10,13,,,04/11/2023
44,2,10,12,,,04/11/2023
44,3,10,11,,,04/11/2023
12,1,30,15,,,04/11/2023
12,2,30,15,,,04/11/2023
12,3,30,15,,,04/11/2023
1,1,160,5,,,04/12/2023
1,2,160,5,,,04/12/2023
1,3,160,4,,,04/12/2023
1,4,160,4,,,04/12/2023
2,1,25,10,,,04/12/2023
2,2,25,12,,,04/12/2023
2,3,25,10,,,04/12/2023
20,1,125,10,,,04/12/2023
20,2,125,10,,,04/12/2023
20,3,125,10,,,04/12/2023
5,1,120,5,,,04/13/2023
5,2,120,5,,,04/13/2023
5,3,120,4,,,04/13/2023
5,4,120,4,,,04/13/2023
5,5,120,3,,,04/13/2023
69,1,30,12,,,04/13/2023
69,2,30,12,,,04/13/2023
69,3,30,10,,,04/13/2023
26,1,0,10,,,04/13/2023
26,2,10,9,,,04/13/2023
26,3,10,8,,,04/13/2023
9,1,0,12,,,04/13/2023
9,2,0,10,,,04/13/2023
9,3,0,9,,,04/13/2023
70,1,20,10,,,04/13/2023
70,2,20,10,,,04/13/2023
70,3,20,10,,,04/13/2023
27,1,30,12,,,04/13/2023
27,2,30,11,,,04/13/2023
27,3,30,10,,,04/13/2023
12,1,30,14,,,04/13/2023
12,2,30,13,,,04/13/2023
12,3,30,12,,,04/13/2023
45,1,45,10,,,04/16/2023
45,2,45,10,,,04/16/2023
45,3,45,10,,,04/16/2023
45,4,45,9,,,04/16/2023
37,1,60,15,,,04/16/2023
37,2,60,13,,,04/16/2023
37,3,60,13,,,04/16/2023
37,4,60,13,,,04/16/2023
46,1,50,12,,,04/16/2023
46,2,50,12,,,04/16/2023
46,3,50,12,,,04/16/2023
50,1,50,12,,,04/16/2023
50,2,50,12,,,04/16/2023
50,3,50,12,,,04/16/2023
71,1,0,10,,,04/16/2023
71,2,0,10,,,04/16/2023
71,3,0,10,,,04/16/2023
39,1,40,11,,,04/16/2023
39,2,40,11,,,04/16/2023
39,3,40,10,,,04/16/2023
60,1,15,12,,,04/16/2023
60,2,15,12,,,04/16/2023
60,3,15,13,,,04/16/2023
48,1,25,14,,,04/17/2023
48,2,25,11,,,04/17/2023
48,3,25,9,,,04/17/2023
48,4,25,8,,,04/17/2023
66,1,0,5,,,04/17/2023
66,2,0,4,,,04/17/2023
66,3,0,4,,,04/17/2023
71,1,0,12,,,04/17/2023
71,2,0,14,,,04/17/2023
71,3,0,11,,,04/17/2023
59,1,15,12,,,04/17/2023
59,2,15,14,,,04/17/2023
59,3,15,12,,,04/17/2023
10,1,10,14,,,04/17/2023
10,2,10,12,,,04/17/2023
10,3,10,11,,,04/17/2023
38,1,15,10,,,04/17/2023
38,2,15,9,,,04/17/2023
38,3,15,9,,,04/17/2023
44,1,10,12,,,04/17/2023
44,2,10,11,,,04/17/2023
44,3,10,10,,,04/17/2023
12,1,40,11,,,04/17/2023
12,2,30,13,,,04/17/2023
12,3,30,13,,,04/17/2023
1,1,160,6,,,04/18/2023
1,2,160,6,,,04/18/2023
1,3,160,5,,,04/18/2023
1,4,160,5,,,04/18/2023
1,5,160,5,,,04/18/2023
20,1,120,10,,,04/18/2023
20,2,120,10,,,04/18/2023
20,3,120,10,,,04/18/2023
2,1,25,12,,,04/18/2023
2,2,25,11,,,04/18/2023
3,1,60,14,,,04/18/2023
3,2,60,14,,,04/18/2023
3,3,60,14,,,04/18/2023
4,1,55,12,,,04/18/2023
4,2,50,13,,,04/18/2023
4,3,50,13,,,04/18/2023
51,1,45,16,,,04/18/2023
51,2,45,16,,,04/18/2023
51,3,45,16,,,04/18/2023
5,1,120,6,,,04/19/2023
5,2,120,6,,,04/19/2023
5,3,125,4,,,04/19/2023
5,4,125,4,,,04/19/2023
32,1,30,13,,,04/19/2023
32,2,35,12,,,04/19/2023
32,3,35,11,,,04/19/2023
49,1,10,12,,,04/19/2023
49,2,10,12,,,04/19/2023
49,3,10,12,,,04/19/2023
9,1,0,13,,,04/19/2023
9,2,0,9,,,04/19/2023
9,3,0,8,,,04/19/2023
11,1,25,12,,,04/19/2023
11,2,30,10,,,04/19/2023
11,3,30,8,,,04/19/2023
52,1,0,8,,,04/19/2023
12,1,30,12,,,04/19/2023
12,2,30,12,,,04/19/2023
70,1,20,12,,,04/19/2023
70,2,20,12,,,04/19/2023
70,3,20,12,,,04/19/2023
45,1,25,12,,,04/20/2023
45,2,45,10,,,04/20/2023
45,3,55,8,,,04/20/2023
45,4,55,8,,,04/20/2023
37,1,60,15,,,04/20/2023
37,2,75,12,,,04/20/2023
37,3,75,12,,,04/20/2023
37,4,75,10,,,04/20/2023
46,1,50,13,,,04/20/2023
46,2,60,12,,,04/20/2023
46,3,60,12,,,04/20/2023
50,1,50,13,,,04/20/2023
50,2,50,12,,,04/20/2023
50,3,50,12,,,04/20/2023
39,1,40,12,,,04/20/2023
39,2,40,12,,,04/20/2023
39,3,40,11,,,04/20/2023
60,1,15,10,,,04/20/2023
60,2,15,11,,,04/20/2023
60,3,15,13,,,04/20/2023
68,1,85,10,,,04/20/2023
68,2,85,10,,,04/20/2023
68,3,85,10,,,04/20/2023
40,1,195,6,,,04/23/2023
40,2,195,6,,,04/23/2023
40,3,195,5,,,04/23/2023
40,4,195,4,,,04/23/2023
19,1,190,15,,,04/23/2023
19,2,190,13,,,04/23/2023
19,3,190,13,,,04/23/2023
56,1,190,10,,,04/23/2023
56,2,190,8,,,04/23/2023
56,3,190,8,,,04/23/2023
3,1,60,16,,,04/23/2023
3,2,60,15,,,04/23/2023
3,3,60,15,,,04/23/2023
72,1,30,14,,,04/23/2023
72,2,30,14,,,04/23/2023
72,3,30,12,,,04/23/2023
4,1,50,12,,,04/23/2023
4,2,50,12,,,04/23/2023
4,3,50,12,,,04/23/2023
48,1,25,12,,,04/24/2023
48,2,25,10,,,04/24/2023
48,3,25,8,,,04/24/2023
48,4,25,8,,,04/24/2023
71,1,0,13,,,04/24/2023
71,2,0,12,,,04/24/2023
71,3,0,12,,,04/24/2023
10,1,12,13,,,04/24/2023
10,2,12,12,,,04/24/2023
10,3,12,12,,,04/24/2023
59,1,15,12,,,04/24/2023
59,2,15,11,,,04/24/2023
59,3,15,11,,,04/24/2023
38,1,15,10,,,04/24/2023
38,2,15,8,,,04/24/2023
38,3,15,8,,,04/24/2023
44,1,12,10,,,04/24/2023
44,2,12,10,,,04/24/2023
44,3,12,10,,,04/24/2023
12,1,30,12,,,04/24/2023
12,2,30,12,,,04/24/2023
12,3,30,12,,,04/24/2023
1,1,165,6,,,04/25/2023
1,2,165,6,,,04/25/2023
1,3,165,5,,,04/25/2023
1,4,165,5,,,04/25/2023
1,5,165,4,,,04/25/2023
20,1,125,12,,,04/25/2023
20,2,125,10,,,04/25/2023
20,3,125,8,,,04/25/2023
2,1,25,10,,,04/25/2023
2,2,25,10,,,04/25/2023
2,3,25,8,,,04/25/2023
3,1,65,16,,,04/25/2023
3,2,65,15,,,04/25/2023
3,3,65,15,,,04/25/2023
4,1,50,17,,,04/25/2023
4,2,50,14,,,04/25/2023
4,3,50,13,,,04/25/2023
47,1,35,14,,,04/25/2023
47,2,35,13,,,04/25/2023
47,3,35,12,,,04/25/2023
5,1,125,5,,,04/26/2023
5,2,125,6,,,04/26/2023
5,3,125,6,,,04/26/2023
5,4,125,4,,,04/26/2023
32,1,30,14,,,04/26/2023
32,2,35,12,,,04/26/2023
32,3,35,9,,,04/26/2023
26,1,0,9,,,04/26/2023
26,2,0,9,,,04/26/2023
26,3,0,10,,,04/26/2023
9,1,0,13,,,04/26/2023
9,2,0,9,,,04/26/2023
9,3,0,8,,,04/26/2023
73,1,0,6,,,04/26/2023
73,2,0,6,,,04/26/2023
73,3,0,6,,,04/26/2023
12,1,30,14,,,04/26/2023
12,2,30,13,,,04/26/2023
12,3,30,13,,,04/26/2023
10,1,10,13,,,04/26/2023
10,2,10,13,,,04/26/2023
10,3,10,13,,,04/26/2023
45,1,45,10,,,04/27/2023
45,2,45,10,,,04/27/2023
45,3,45,10,,,04/27/2023
45,4,45,10,,,04/27/2023
37,1,60,12,,,04/27/2023
37,2,75,12,,,04/27/2023
37,3,75,12,,,04/27/2023
53,1,60,14,,,04/27/2023
53,2,75,12,,,04/27/2023
53,3,75,12,,,04/27/2023
14,1,30,12,,,04/27/2023
14,2,30,12,,,04/27/2023
14,3,30,12,,,04/27/2023
46,1,60,11,,,04/27/2023
46,2,60,12,,,04/27/2023
46,3,60,12,,,04/27/2023
39,1,40,13,,,04/27/2023
39,2,40,11,,,04/27/2023
39,3,40,8,,,04/27/2023
60,1,15,13,,,04/27/2023
60,2,15,13,,,04/27/2023
60,3,15,11,,,04/27/2023
40,1,190,6,,,04/30/2023
40,2,190,6,,,04/30/2023
40,3,190,5,,,04/30/2023
40,4,190,5,,,04/30/2023
40,5,190,4,,,04/30/2023
57,1,135,14,,,04/30/2023
57,2,135,12,,,04/30/2023
57,3,135,11,,,04/30/2023
3,1,70,14,,,04/30/2023
3,2,55,15,,,04/30/2023
3,3,55,15,,,04/30/2023
4,1,85,14,,,04/30/2023
4,2,85,12,,,04/30/2023
4,3,85,11,,,04/30/2023
51,1,60,16,,,04/30/2023
51,2,60,16,,,04/30/2023
51,3,60,16,,,04/30/2023
47,1,35,12,,,04/30/2023
47,2,35,12,,,04/30/2023
47,3,35,12,,,04/30/2023
48,1,25,13,,,05/01/2023
48,2,25,11,,,05/01/2023
48,3,25,10,,,05/01/2023
48,4,25,9,,,05/01/2023
53,1,60,13,,,05/01/2023
53,2,60,11,,,05/01/2023
53,3,60,10,,,05/01/2023
43,1,40,11,,,05/01/2023
43,2,40,9,,,05/01/2023
43,3,40,8,,,05/01/2023
10,1,12.5,14,,,05/01/2023
10,2,12.5,13,,,05/01/2023
10,3,12.5,12,,,05/01/2023
44,1,12.5,12,,,05/01/2023
44,2,12.5,11,,,05/01/2023
44,3,12.5,10,,,05/01/2023
12,1,15,13,,,05/01/2023
12,2,15,13,,,05/01/2023
12,3,15,13,,,05/01/2023
38,1,20,12,,,05/01/2023
38,2,20,8,,,05/01/2023
38,3,20,4,,,05/01/2023
59,1,15,12,,,05/01/2023
59,2,15,12,,,05/01/2023
59,3,15,12,,,05/01/2023
1,1,170,5,,,05/02/2023
1,2,170,4,,,05/02/2023
1,3,170,3,,,05/02/2023
1,4,170,2,,,05/02/2023
20,1,120,12,,,05/02/2023
20,2,120,12,,,05/02/2023
20,3,120,12,,,05/02/2023
74,1,115,15,,,05/02/2023
74,2,115,13,,,05/02/2023
74,3,115,10,,,05/02/2023
3,1,55,13,,,05/02/2023
3,2,55,12,,,05/02/2023
3,3,55,11,,,05/02/2023
4,1,85,13,,,05/02/2023
4,2,85,13,,,05/02/2023
4,3,85,13,,,05/02/2023
47,1,35,15,,,05/02/2023
47,2,35,15,,,05/02/2023
47,3,35,15,,,05/02/2023
51,1,60,16,,,05/02/2023
51,2,60,16,,,05/02/2023
51,3,60,16,,,05/02/2023
5,1,125,5,,,05/03/2023
5,2,125,5,,,05/03/2023
5,3,125,4,,,05/03/2023
5,4,125,3,,,05/03/2023
32,1,35,12,,,05/03/2023
32,2,35,9,,,05/03/2023
32,3,35,9,,,05/03/2023
32,4,35,5,,,05/03/2023
49,1,24,12,,,05/03/2023
49,2,24,12,,,05/03/2023
49,3,24,12,,,05/03/2023
9,1,0,12,,,05/03/2023
9,2,0,8,,,05/03/2023
9,3,0,8,,,05/03/2023
12,1,15,11,,,05/03/2023
12,2,15,11,,,05/03/2023
12,3,15,11,,,05/03/2023
27,1,30,10,,,05/03/2023
27,2,30,10,,,05/03/2023
27,3,30,10,,,05/03/2023
45,1,45,12,,,05/04/2023
45,2,45,10,,,05/04/2023
45,3,45,9,,,05/04/2023
45,4,45,7,,,05/04/2023
37,1,70,12,,,05/04/2023
37,2,70,11,,,05/04/2023
37,3,70,10,,,05/04/2023
37,4,70,9,,,05/04/2023
46,1,60,12,,,05/04/2023
46,2,60,11,,,05/04/2023
46,3,60,10,,,05/04/2023
53,1,50,12,,,05/04/2023
53,2,50,10,,,05/04/2023
53,3,50,10,,,05/04/2023
50,1,25,14,,,05/04/2023
50,2,25,12,,,05/04/2023
50,3,25,10,,,05/04/2023
60,1,17.5,15,,,05/04/2023
60,2,17.5,15,,,05/04/2023
60,3,17.5,13,,,05/04/2023
65,1,15,18,,,05/04/2023
65,2,15,13,,,05/04/2023
65,3,15,11,,,05/04/2023
40,1,195,6,,,05/07/2023
40,2,195,6,,,05/07/2023
40,3,195,5,,,05/07/2023
40,4,195,5,,,05/07/2023
40,5,195,4,,,05/07/2023
57,1,135,13,,,05/07/2023
57,2,135,13,,,05/07/2023
57,3,135,10,,,05/07/2023
3,1,55,15,,,05/07/2023
3,2,55,15,,,05/07/2023
3,3,55,15,,,05/07/2023
4,1,85,15,,,05/07/2023
4,2,85,15,,,05/07/2023
4,3,85,15,,,05/07/2023
51,1,60,15,,,05/07/2023
51,2,60,16,,,05/07/2023
51,3,60,16,,,05/07/2023
47,1,35,15,,,05/07/2023
47,2,35,15,,,05/07/2023
47,3,35,15,,,05/07/2023
1,1,165,5,,,05/08/2023
1,2,165,4,,,05/08/2023
1,3,165,4,,,05/08/2023
20,1,125,7,,,05/08/2023
20,2,125,7,,,05/08/2023
20,3,125,7,,,05/08/2023
3,1,55,10,,,05/08/2023
3,2,55,10,,,05/08/2023
3,3,55,10,,,05/08/2023
4,1,85,10,,,05/08/2023
4,2,85,10,,,05/08/2023
4,3,85,10,,,05/08/2023
47,1,35,12,,,05/08/2023
47,2,35,12,,,05/08/2023
47,3,35,12,,,05/08/2023
5,1,115,5,,,05/09/2023
5,2,115,5,,,05/09/2023
5,3,115,5,,,05/09/2023
32,1,30,10,,,05/09/2023
32,2,35,6,,,05/09/2023
32,3,35,5,,,05/09/2023
49,1,36,8,,,05/09/2023
49,2,24,10,,,05/09/2023
49,3,24,10,,,05/09/2023
44,1,12.5,10,,,05/09/2023
44,2,12.5,10,,,05/09/2023
44,3,12.5,10,,,05/09/2023
63,1,7.5,11,,,05/09/2023
63,2,7.5,10,,,05/09/2023
63,3,7.5,10,,,05/09/2023
10,1,10,12,,,05/09/2023
10,2,10,10,,,05/09/2023
45,1,35,10,,,05/10/2023
45,2,45,8,,,05/10/2023
45,3,45,8,,,05/10/2023
37,1,70,10,,,05/10/2023
37,2,70,10,,,05/10/2023
37,3,70,10,,,05/10/2023
46,1,55,10,,,05/10/2023
46,2,55,10,,,05/10/2023
46,3,55,10,,,05/10/2023
53,1,50,10,,,05/10/2023
53,2,50,8,,,05/10/2023
53,3,50,8,,,05/10/2023
50,1,30,10,,,05/10/2023
50,2,30,10,,,05/10/2023
50,3,30,10,,,05/10/2023
65,1,15,14,,,05/10/2023
65,2,15,10,,,05/10/2023
65,3,15,10,,,05/10/2023
40,1,190,4,,,05/11/2023
40,2,190,4,,,05/11/2023
40,3,190,3,,,05/11/2023
57,1,115,8,,,05/11/2023
57,2,115,8,,,05/11/2023
57,3,115,8,,,05/11/2023
51,1,60,12,,,05/11/2023
51,2,60,11,,,05/11/2023
51,3,60,10,,,05/11/2023
3,1,55,10,,,05/11/2023
3,2,55,10,,,05/11/2023
3,3,55,10,,,05/11/2023
4,1,70,11,,,05/11/2023
4,2,70,11,,,05/11/2023
4,3,70,11,,,05/11/2023
5,1,120,5,,,05/14/2023
5,2,120,5,,,05/14/2023
5,3,120,5,,,05/14/2023
5,4,120,5,,,05/14/2023
5,5,120,3,,,05/14/2023
45,1,45,9,,,05/14/2023
45,2,45,8,,,05/14/2023
45,3,45,8,,,05/14/2023
32,1,35,10,,,05/14/2023
32,2,35,8,,,05/14/2023
32,3,35,7,,,05/14/2023
13,1,0,7,,,05/14/2023
13,2,0,6,,,05/14/2023
13,3,0,6,,,05/14/2023
28,1,25,17,,,05/14/2023
28,2,25,13,,,05/14/2023
28,3,25,12,,,05/14/2023
38,1,15,14,,,05/14/2023
38,2,15,14,,,05/14/2023
38,3,15,14,,,05/14/2023
1,1,170,5,,,05/15/2023
1,2,170,5,,,05/15/2023
1,3,170,4,,,05/15/2023
1,4,170,4,,,05/15/2023
1,5,170,3,,,05/15/2023
20,1,125,10,,,05/15/2023
20,2,125,8,,,05/15/2023
20,3,125,8,,,05/15/2023
57,1,125,13,,,05/15/2023
57,2,125,11,,,05/15/2023
57,3,125,11,,,05/15/2023
3,1,55,15,5 less with left,,05/15/2023
3,2,55,15,,,05/15/2023
3,3,55,14,,,05/15/2023
3,4,25,10,,,05/15/2023
4,1,70,14,5 less with left,,05/15/2023
4,2,70,12,,,05/15/2023
4,3,70,12,,,05/15/2023
47,1,35,12,,,05/15/2023
47,2,35,12,,,05/15/2023
47,3,35,12,,,05/15/2023
48,1,25,12,,,05/16/2023
48,2,25,12,,,05/16/2023
48,3,25,8,,,05/16/2023
48,4,25,8,,,05/16/2023
25,1,37.5,8,,,05/16/2023
25,2,37.5,7,,,05/16/2023
25,3,35,6,,,05/16/2023
25,4,35,6,,,05/16/2023
26,1,24,9,,,05/16/2023
26,2,24,8,,,05/16/2023
26,3,12,15,,,05/16/2023
9,1,0,14,,,05/16/2023
9,2,0,11,,,05/16/2023
9,3,0,11,,,05/16/2023
10,1,10,12,,,05/16/2023
10,2,10,10,,,05/16/2023
10,3,10,10,,,05/16/2023
44,1,10,15,,,05/16/2023
44,2,10,14,,,05/16/2023
44,3,10,12,,,05/16/2023
63,1,7.5,14,,,05/16/2023
63,2,7.5,11,,,05/16/2023
63,3,7.5,11,,,05/16/2023
61,1,40,15,,,05/17/2023
61,2,55,14,,,05/17/2023
61,3,42.5,14,,,05/17/2023
61,4,42.5,14,,,05/17/2023
46,1,57.5,15,,,05/17/2023
46,2,57.5,12,,,05/17/2023
46,3,57.5,10,,,05/17/2023
71,1,10,11,,,05/17/2023
71,2,7.5,12,,,05/17/2023
71,3,7.5,11,,,05/17/2023
37,1,72.5,11,,,05/17/2023
37,2,60,13,,,05/17/2023
37,3,60,12,,,05/17/2023
50,1,30,12,,,05/17/2023
50,2,30,11,,,05/17/2023
50,3,30,10,,,05/17/2023
60,1,20,14,,,05/17/2023
60,2,20,13,,,05/17/2023
60,3,20,12,,,05/17/2023
59,1,17.5,11,Did 4 less with right,,05/17/2023
59,2,17.5,8,,,05/17/2023
59,3,17.5,8,,,05/17/2023
40,1,200,5,,,05/18/2023
40,2,200,5,,,05/18/2023
40,3,200,4,,,05/18/2023
40,4,200,4,,,05/18/2023
40,5,200,3,,,05/18/2023
2,1,25,12,,,05/18/2023
2,2,30,12,,,05/18/2023
2,3,30,12,,,05/18/2023
29,1,45,10,,,05/18/2023
29,2,45,8,,,05/18/2023
29,3,45,8,,,05/18/2023
51,1,60,12,,,05/18/2023
51,2,60,12,,,05/18/2023
3,1,55,14,,,05/18/2023
3,2,55,13,,,05/18/2023
3,3,55,13,,,05/18/2023
3,4,25,13,,,05/18/2023
4,1,70,13,,,05/18/2023
4,2,70,12,,,05/18/2023
4,3,70,12,,,05/18/2023
4,4,40,11,,,05/18/2023
47,1,35,12,,,05/18/2023
47,2,35,11,,,05/18/2023
47,3,35,10,,,05/18/2023