user_id,date,workout_number
96e8aa8a-aec7-4513-91de-b4eef601799d,2021-09-29,1
96e8aa8a-aec7-4513-91de-b4eef601799d,2021-10-01,2
96e8aa8a-aec7-4513-91de-b4eef601799d,2021-10-02,3
96e8aa8a-aec7-4513-91de-b4eef601799d,2021-10-03,4
96e8aa8a-aec7-4513-91de-b4eef601799d,2021-10-04,5
96e8aa8a-aec7-4513-91de-b4eef601799d,2021-10-06,6
96e8aa8a-aec7-4513-91de-b4eef601799d,2021-10-07,7
96e8aa8a-aec7-4513-91de-b4eef601799d,2021-10-08,8
96e8aa8a-aec7-4513-91de-b4eef601799d,2021-10-09,9
96e8aa8a-aec7-4513-91de-b4eef601799d,2021-10-10,10
96e8aa8a-aec7-4513-91de-b4eef601799d,2021-10-11,11
96e8aa8a-aec7-4513-91de-b4eef601799d,2021-10-13,12
96e8aa8a-aec7-4513-91de-b4eef601799d,2021-10-14,13
96e8aa8a-aec7-4513-91de-b4eef601799d,2021-10-15,14
96e8aa8a-aec7-4513-91de-b4eef601799d,2021-10-16,15
96e8aa8a-aec7-4513-91de-b4eef601799d,2021-10-17,16
96e8aa8a-aec7-4513-91de-b4eef601799d,2021-10-18,17
96e8aa8a-aec7-4513-91de-b4eef601799d,2021-10-20,18
96e8aa8a-aec7-4513-91de-b4eef601799d,2021-10-21,19
96e8aa8a-aec7-4513-91de-b4eef601799d,2021-10-22,20
96e8aa8a-aec7-4513-91de-b4eef601799d,2021-10-23,21
96e8aa8a-aec7-4513-91de-b4eef601799d,2021-10-24,22
96e8aa8a-aec7-4513-91de-b4eef601799d,2021-10-27,23
96e8aa8a-aec7-4513-91de-b4eef601799d,2021-10-28,24
96e8aa8a-aec7-4513-91de-b4eef601799d,2021-10-29,25
96e8aa8a-aec7-4513-91de-b4eef601799d,2021-10-30,26
96e8aa8a-aec7-4513-91de-b4eef601799d,2021-10-31,27
96e8aa8a-aec7-4513-91de-b4eef601799d,2021-11-01,28
96e8aa8a-aec7-4513-91de-b4eef601799d,2021-11-03,29
96e8aa8a-aec7-4513-91de-b4eef601799d,2021-11-04,30
96e8aa8a-aec7-4513-91de-b4eef601799d,2021-11-05,31
96e8aa8a-aec7-4513-91de-b4eef601799d,2021-11-06,32
96e8aa8a-aec7-4513-91de-b4eef601799d,2021-11-07,33
96e8aa8a-aec7-4513-91de-b4eef601799d,2021-11-08,34
96e8aa8a-aec7-4513-91de-b4eef601799d,2021-11-10,35
96e8aa8a-aec7-4513-91de-b4eef601799d,2021-11-12,36
96e8aa8a-aec7-4513-91de-b4eef601799d,2021-11-13,37
96e8aa8a-aec7-4513-91de-b4eef601799d,2021-11-14,38
96e8aa8a-aec7-4513-91de-b4eef601799d,2021-11-15,39
96e8aa8a-aec7-4513-91de-b4eef601799d,2021-11-17,40
96e8aa8a-aec7-4513-91de-b4eef601799d,2021-11-19,41
96e8aa8a-aec7-4513-91de-b4eef601799d,2021-11-20,42
96e8aa8a-aec7-4513-91de-b4eef601799d,2021-11-21,43
96e8aa8a-aec7-4513-91de-b4eef601799d,2021-11-22,44
96e8aa8a-aec7-4513-91de-b4eef601799d,2021-11-24,45
96e8aa8a-aec7-4513-91de-b4eef601799d,2021-11-26,46
96e8aa8a-aec7-4513-91de-b4eef601799d,2021-11-27,47
96e8aa8a-aec7-4513-91de-b4eef601799d,2021-11-29,48
96e8aa8a-aec7-4513-91de-b4eef601799d,2021-12-01,49
96e8aa8a-aec7-4513-91de-b4eef601799d,2021-12-03,50
96e8aa8a-aec7-4513-91de-b4eef601799d,2021-12-04,51
96e8aa8a-aec7-4513-91de-b4eef601799d,2021-12-05,52
96e8aa8a-aec7-4513-91de-b4eef601799d,2021-12-06,53
96e8aa8a-aec7-4513-91de-b4eef601799d,2021-12-08,54
96e8aa8a-aec7-4513-91de-b4eef601799d,2021-12-10,55
96e8aa8a-aec7-4513-91de-b4eef601799d,2021-12-12,56
96e8aa8a-aec7-4513-91de-b4eef601799d,2021-12-13,57
96e8aa8a-aec7-4513-91de-b4eef601799d,2021-12-15,58
96e8aa8a-aec7-4513-91de-b4eef601799d,2021-12-17,59
96e8aa8a-aec7-4513-91de-b4eef601799d,2021-12-18,60
96e8aa8a-aec7-4513-91de-b4eef601799d,2021-12-19,61
96e8aa8a-aec7-4513-91de-b4eef601799d,2021-12-20,62
96e8aa8a-aec7-4513-91de-b4eef601799d,2021-12-22,63
96e8aa8a-aec7-4513-91de-b4eef601799d,2021-12-23,64
96e8aa8a-aec7-4513-91de-b4eef601799d,2021-12-24,65
96e8aa8a-aec7-4513-91de-b4eef601799d,2021-12-26,66
96e8aa8a-aec7-4513-91de-b4eef601799d,2021-12-27,67
96e8aa8a-aec7-4513-91de-b4eef601799d,2021-12-29,68
96e8aa8a-aec7-4513-91de-b4eef601799d,2021-12-31,69
96e8aa8a-aec7-4513-91de-b4eef601799d,2022-01-01,70
96e8aa8a-aec7-4513-91de-b4eef601799d,2022-01-02,71
96e8aa8a-aec7-4513-91de-b4eef601799d,2022-01-03,72
96e8aa8a-aec7-4513-91de-b4eef601799d,2022-01-05,73
96e8aa8a-aec7-4513-91de-b4eef601799d,2022-01-07,74
96e8aa8a-aec7-4513-91de-b4eef601799d,2022-01-08,75
96e8aa8a-aec7-4513-91de-b4eef601799d,2022-01-09,76
96e8aa8a-aec7-4513-91de-b4eef601799d,2022-01-12,77
96e8aa8a-aec7-4513-91de-b4eef601799d,2022-01-14,78
96e8aa8a-aec7-4513-91de-b4eef601799d,2022-01-15,79
96e8aa8a-aec7-4513-91de-b4eef601799d,2022-01-16,80
96e8aa8a-aec7-4513-91de-b4eef601799d,2022-01-17,81
96e8aa8a-aec7-4513-91de-b4eef601799d,2022-01-19,82
96e8aa8a-aec7-4513-91de-b4eef601799d,2022-01-21,83
96e8aa8a-aec7-4513-91de-b4eef601799d,2022-01-22,84
96e8aa8a-aec7-4513-91de-b4eef601799d,2022-01-23,85
96e8aa8a-aec7-4513-91de-b4eef601799d,2022-01-24,86
96e8aa8a-aec7-4513-91de-b4eef601799d,2022-01-26,87
96e8aa8a-aec7-4513-91de-b4eef601799d,2022-01-28,88
96e8aa8a-aec7-4513-91de-b4eef601799d,2022-01-29,89
96e8aa8a-aec7-4513-91de-b4eef601799d,2022-01-30,90
96e8aa8a-aec7-4513-91de-b4eef601799d,2022-01-31,91
96e8aa8a-aec7-4513-91de-b4eef601799d,2022-02-04,92
96e8aa8a-aec7-4513-91de-b4eef601799d,2022-02-05,93
96e8aa8a-aec7-4513-91de-b4eef601799d,2022-02-06,94
96e8aa8a-aec7-4513-91de-b4eef601799d,2022-02-07,95
96e8aa8a-aec7-4513-91de-b4eef601799d,2022-02-09,96
96e8aa8a-aec7-4513-91de-b4eef601799d,2022-02-11,97
96e8aa8a-aec7-4513-91de-b4eef601799d,2022-02-12,98
96e8aa8a-aec7-4513-91de-b4eef601799d,2022-02-13,99
96e8aa8a-aec7-4513-91de-b4eef601799d,2022-02-14,100
96e8aa8a-aec7-4513-91de-b4eef601799d,2022-02-16,101
96e8aa8a-aec7-4513-91de-b4eef601799d,2022-02-17,102
96e8aa8a-aec7-4513-91de-b4eef601799d,2022-02-19,103
96e8aa8a-aec7-4513-91de-b4eef601799d,2022-02-20,104
96e8aa8a-aec7-4513-91de-b4eef601799d,2022-02-21,105
96e8aa8a-aec7-4513-91de-b4eef601799d,2022-02-23,106
96e8aa8a-aec7-4513-91de-b4eef601799d,2022-02-25,107
96e8aa8a-aec7-4513-91de-b4eef601799d,2022-02-26,108
96e8aa8a-aec7-4513-91de-b4eef601799d,2022-02-27,109
96e8aa8a-aec7-4513-91de-b4eef601799d,2022-02-28,110
96e8aa8a-aec7-4513-91de-b4eef601799d,2022-03-02,111
96e8aa8a-aec7-4513-91de-b4eef601799d,2022-03-04,112
96e8aa8a-aec7-4513-91de-b4eef601799d,2022-03-05,113
96e8aa8a-aec7-4513-91de-b4eef601799d,2022-03-06,114
96e8aa8a-aec7-4513-91de-b4eef601799d,2022-03-07,115
96e8aa8a-aec7-4513-91de-b4eef601799d,2022-03-09,116
96e8aa8a-aec7-4513-91de-b4eef601799d,2022-03-11,117
96e8aa8a-aec7-4513-91de-b4eef601799d,2022-03-12,118
96e8aa8a-aec7-4513-91de-b4eef601799d,2022-03-13,119
96e8aa8a-aec7-4513-91de-b4eef601799d,2022-03-14,120
96e8aa8a-aec7-4513-91de-b4eef601799d,2022-03-16,121
96e8aa8a-aec7-4513-91de-b4eef601799d,2022-03-17,122
96e8aa8a-aec7-4513-91de-b4eef601799d,2022-03-19,123
96e8aa8a-aec7-4513-91de-b4eef601799d,2022-03-20,124
96e8aa8a-aec7-4513-91de-b4eef601799d,2022-03-21,125
96e8aa8a-aec7-4513-91de-b4eef601799d,2022-03-23,126
96e8aa8a-aec7-4513-91de-b4eef601799d,2022-03-25,127
96e8aa8a-aec7-4513-91de-b4eef601799d,2022-03-26,128
96e8aa8a-aec7-4513-91de-b4eef601799d,2022-03-27,129
96e8aa8a-aec7-4513-91de-b4eef601799d,2022-03-28,130
96e8aa8a-aec7-4513-91de-b4eef601799d,2022-03-30,131
96e8aa8a-aec7-4513-91de-b4eef601799d,2022-04-01,132
96e8aa8a-aec7-4513-91de-b4eef601799d,2022-04-02,133
96e8aa8a-aec7-4513-91de-b4eef601799d,2022-04-03,134
96e8aa8a-aec7-4513-91de-b4eef601799d,2022-04-04,135
96e8aa8a-aec7-4513-91de-b4eef601799d,2022-04-06,136
96e8aa8a-aec7-4513-91de-b4eef601799d,2022-04-08,137
96e8aa8a-aec7-4513-91de-b4eef601799d,2022-04-09,138
96e8aa8a-aec7-4513-91de-b4eef601799d,2022-04-10,139
96e8aa8a-aec7-4513-91de-b4eef601799d,2022-04-11,140
96e8aa8a-aec7-4513-91de-b4eef601799d,2022-04-13,141
96e8aa8a-aec7-4513-91de-b4eef601799d,2022-04-15,142
96e8aa8a-aec7-4513-91de-b4eef601799d,2022-04-16,143
96e8aa8a-aec7-4513-91de-b4eef601799d,2022-04-17,144
96e8aa8a-aec7-4513-91de-b4eef601799d,2022-04-18,145
96e8aa8a-aec7-4513-91de-b4eef601799d,2022-04-20,146
96e8aa8a-aec7-4513-91de-b4eef601799d,2022-04-22,147
96e8aa8a-aec7-4513-91de-b4eef601799d,2022-04-23,148
96e8aa8a-aec7-4513-91de-b4eef601799d,2022-04-24,149
96e8aa8a-aec7-4513-91de-b4eef601799d,2022-04-25,150
96e8aa8a-aec7-4513-91de-b4eef601799d,2022-04-27,151
96e8aa8a-aec7-4513-91de-b4eef601799d,2022-04-28,152
96e8aa8a-aec7-4513-91de-b4eef601799d,2022-04-30,153
96e8aa8a-aec7-4513-91de-b4eef601799d,2022-05-01,154
96e8aa8a-aec7-4513-91de-b4eef601799d,2022-05-02,155
96e8aa8a-aec7-4513-91de-b4eef601799d,2022-05-04,156
96e8aa8a-aec7-4513-91de-b4eef601799d,2022-05-06,157
96e8aa8a-aec7-4513-91de-b4eef601799d,2022-05-07,158
96e8aa8a-aec7-4513-91de-b4eef601799d,2022-05-08,159
96e8aa8a-aec7-4513-91de-b4eef601799d,2022-05-09,160
96e8aa8a-aec7-4513-91de-b4eef601799d,2022-05-11,161
96e8aa8a-aec7-4513-91de-b4eef601799d,2022-05-12,162
96e8aa8a-aec7-4513-91de-b4eef601799d,2022-05-13,163
96e8aa8a-aec7-4513-91de-b4eef601799d,2022-05-15,164
96e8aa8a-aec7-4513-91de-b4eef601799d,2022-05-16,165
96e8aa8a-aec7-4513-91de-b4eef601799d,2022-05-18,166
96e8aa8a-aec7-4513-91de-b4eef601799d,2022-05-19,167
96e8aa8a-aec7-4513-91de-b4eef601799d,2022-05-21,168
96e8aa8a-aec7-4513-91de-b4eef601799d,2022-05-22,169
96e8aa8a-aec7-4513-91de-b4eef601799d,2022-05-23,170
96e8aa8a-aec7-4513-91de-b4eef601799d,2022-05-26,171
96e8aa8a-aec7-4513-91de-b4eef601799d,2022-05-27,172
96e8aa8a-aec7-4513-91de-b4eef601799d,2022-05-29,173
96e8aa8a-aec7-4513-91de-b4eef601799d,2022-05-30,174
96e8aa8a-aec7-4513-91de-b4eef601799d,2022-06-01,175
96e8aa8a-aec7-4513-91de-b4eef601799d,2022-06-02,176
96e8aa8a-aec7-4513-91de-b4eef601799d,2022-06-03,177
96e8aa8a-aec7-4513-91de-b4eef601799d,2022-06-05,178
96e8aa8a-aec7-4513-91de-b4eef601799d,2022-06-06,179
96e8aa8a-aec7-4513-91de-b4eef601799d,2022-06-08,180
96e8aa8a-aec7-4513-91de-b4eef601799d,2022-06-09,181
96e8aa8a-aec7-4513-91de-b4eef601799d,2022-06-12,182
96e8aa8a-aec7-4513-91de-b4eef601799d,2022-06-13,183
96e8aa8a-aec7-4513-91de-b4eef601799d,2022-06-15,184
96e8aa8a-aec7-4513-91de-b4eef601799d,2022-06-16,185
96e8aa8a-aec7-4513-91de-b4eef601799d,2022-06-17,186
96e8aa8a-aec7-4513-91de-b4eef601799d,2022-06-19,187
96e8aa8a-aec7-4513-91de-b4eef601799d,2022-06-20,188
96e8aa8a-aec7-4513-91de-b4eef601799d,2022-06-22,189
96e8aa8a-aec7-4513-91de-b4eef601799d,2022-06-25,190
96e8aa8a-aec7-4513-91de-b4eef601799d,2022-06-26,191
96e8aa8a-aec7-4513-91de-b4eef601799d,2022-06-28,192
96e8aa8a-aec7-4513-91de-b4eef601799d,2022-06-30,193
96e8aa8a-aec7-4513-91de-b4eef601799d,2022-07-01,194
96e8aa8a-aec7-4513-91de-b4eef601799d,2022-07-02,195
96e8aa8a-aec7-4513-91de-b4eef601799d,2022-07-04,196
96e8aa8a-aec7-4513-91de-b4eef601799d,2022-07-07,197
96e8aa8a-aec7-4513-91de-b4eef601799d,2022-07-08,198
96e8aa8a-aec7-4513-91de-b4eef601799d,2022-07-11,199
96e8aa8a-aec7-4513-91de-b4eef601799d,2022-07-12,200
96e8aa8a-aec7-4513-91de-b4eef601799d,2022-07-13,201
96e8aa8a-aec7-4513-91de-b4eef601799d,2022-07-14,202
96e8aa8a-aec7-4513-91de-b4eef601799d,2022-07-17,203
96e8aa8a-aec7-4513-91de-b4eef601799d,2022-07-18,204
96e8aa8a-aec7-4513-91de-b4eef601799d,2022-07-21,205
96e8aa8a-aec7-4513-91de-b4eef601799d,2022-07-24,206
96e8aa8a-aec7-4513-91de-b4eef601799d,2022-07-26,207
96e8aa8a-aec7-4513-91de-b4eef601799d,2022-07-27,208
96e8aa8a-aec7-4513-91de-b4eef601799d,2022-07-28,209
96e8aa8a-aec7-4513-91de-b4eef601799d,2022-07-31,210
96e8aa8a-aec7-4513-91de-b4eef601799d,2022-08-04,211
96e8aa8a-aec7-4513-91de-b4eef601799d,2022-08-08,212
96e8aa8a-aec7-4513-91de-b4eef601799d,2022-08-09,213
96e8aa8a-aec7-4513-91de-b4eef601799d,2022-08-11,214
96e8aa8a-aec7-4513-91de-b4eef601799d,2022-08-12,215
96e8aa8a-aec7-4513-91de-b4eef601799d,2022-08-14,216
96e8aa8a-aec7-4513-91de-b4eef601799d,2022-08-15,217
96e8aa8a-aec7-4513-91de-b4eef601799d,2022-08-17,218
96e8aa8a-aec7-4513-91de-b4eef601799d,2022-08-18,219
96e8aa8a-aec7-4513-91de-b4eef601799d,2022-08-21,220
96e8aa8a-aec7-4513-91de-b4eef601799d,2022-08-22,221
96e8aa8a-aec7-4513-91de-b4eef601799d,2022-08-24,222
96e8aa8a-aec7-4513-91de-b4eef601799d,2022-08-25,223
96e8aa8a-aec7-4513-91de-b4eef601799d,2022-08-27,224
96e8aa8a-aec7-4513-91de-b4eef601799d,2022-08-28,225
96e8aa8a-aec7-4513-91de-b4eef601799d,2022-08-30,226
96e8aa8a-aec7-4513-91de-b4eef601799d,2022-09-01,227
96e8aa8a-aec7-4513-91de-b4eef601799d,2022-09-03,228
96e8aa8a-aec7-4513-91de-b4eef601799d,2022-09-05,229
96e8aa8a-aec7-4513-91de-b4eef601799d,2022-09-06,230
96e8aa8a-aec7-4513-91de-b4eef601799d,2022-09-08,231
96e8aa8a-aec7-4513-91de-b4eef601799d,2022-09-10,232
96e8aa8a-aec7-4513-91de-b4eef601799d,2022-09-11,233
96e8aa8a-aec7-4513-91de-b4eef601799d,2022-09-13,234
96e8aa8a-aec7-4513-91de-b4eef601799d,2022-09-16,235
96e8aa8a-aec7-4513-91de-b4eef601799d,2022-09-17,236
96e8aa8a-aec7-4513-91de-b4eef601799d,2022-09-18,237
96e8aa8a-aec7-4513-91de-b4eef601799d,2022-09-20,238
96e8aa8a-aec7-4513-91de-b4eef601799d,2022-09-23,239
96e8aa8a-aec7-4513-91de-b4eef601799d,2022-09-24,240
96e8aa8a-aec7-4513-91de-b4eef601799d,2022-09-25,241
96e8aa8a-aec7-4513-91de-b4eef601799d,2022-09-27,242
96e8aa8a-aec7-4513-91de-b4eef601799d,2022-09-30,243
96e8aa8a-aec7-4513-91de-b4eef601799d,2022-10-01,244
96e8aa8a-aec7-4513-91de-b4eef601799d,2022-10-02,245
96e8aa8a-aec7-4513-91de-b4eef601799d,2022-10-04,246
96e8aa8a-aec7-4513-91de-b4eef601799d,2022-10-06,247
96e8aa8a-aec7-4513-91de-b4eef601799d,2022-10-07,248
96e8aa8a-aec7-4513-91de-b4eef601799d,2022-10-08,249
96e8aa8a-aec7-4513-91de-b4eef601799d,2022-10-09,250
96e8aa8a-aec7-4513-91de-b4eef601799d,2022-10-11,251
96e8aa8a-aec7-4513-91de-b4eef601799d,2022-10-13,252
96e8aa8a-aec7-4513-91de-b4eef601799d,2022-10-14,253
96e8aa8a-aec7-4513-91de-b4eef601799d,2022-10-15,254
96e8aa8a-aec7-4513-91de-b4eef601799d,2022-10-16,255
96e8aa8a-aec7-4513-91de-b4eef601799d,2022-10-18,256
96e8aa8a-aec7-4513-91de-b4eef601799d,2022-10-20,257
96e8aa8a-aec7-4513-91de-b4eef601799d,2022-10-21,258
96e8aa8a-aec7-4513-91de-b4eef601799d,2022-10-22,259
96e8aa8a-aec7-4513-91de-b4eef601799d,2022-10-23,260
96e8aa8a-aec7-4513-91de-b4eef601799d,2022-10-25,261
96e8aa8a-aec7-4513-91de-b4eef601799d,2022-10-27,262
96e8aa8a-aec7-4513-91de-b4eef601799d,2022-10-28,263
96e8aa8a-aec7-4513-91de-b4eef601799d,2022-10-29,264
96e8aa8a-aec7-4513-91de-b4eef601799d,2022-10-30,265
96e8aa8a-aec7-4513-91de-b4eef601799d,2022-11-01,266
96e8aa8a-aec7-4513-91de-b4eef601799d,2022-11-03,267
96e8aa8a-aec7-4513-91de-b4eef601799d,2022-11-04,268
96e8aa8a-aec7-4513-91de-b4eef601799d,2022-11-05,269
96e8aa8a-aec7-4513-91de-b4eef601799d,2022-11-06,270
96e8aa8a-aec7-4513-91de-b4eef601799d,2022-11-08,271
96e8aa8a-aec7-4513-91de-b4eef601799d,2022-11-10,272
96e8aa8a-aec7-4513-91de-b4eef601799d,2022-11-11,273
96e8aa8a-aec7-4513-91de-b4eef601799d,2022-11-12,274
96e8aa8a-aec7-4513-91de-b4eef601799d,2022-11-13,275
96e8aa8a-aec7-4513-91de-b4eef601799d,2022-11-15,276
96e8aa8a-aec7-4513-91de-b4eef601799d,2022-11-17,277
96e8aa8a-aec7-4513-91de-b4eef601799d,2022-11-18,278
96e8aa8a-aec7-4513-91de-b4eef601799d,2022-11-19,279
96e8aa8a-aec7-4513-91de-b4eef601799d,2022-11-20,280
96e8aa8a-aec7-4513-91de-b4eef601799d,2022-11-22,281
96e8aa8a-aec7-4513-91de-b4eef601799d,2022-11-23,282
96e8aa8a-aec7-4513-91de-b4eef601799d,2022-11-25,283
96e8aa8a-aec7-4513-91de-b4eef601799d,2022-11-26,284
96e8aa8a-aec7-4513-91de-b4eef601799d,2022-11-27,285
96e8aa8a-aec7-4513-91de-b4eef601799d,2022-11-29,286
96e8aa8a-aec7-4513-91de-b4eef601799d,2022-12-01,287
96e8aa8a-aec7-4513-91de-b4eef601799d,2022-12-02,288
96e8aa8a-aec7-4513-91de-b4eef601799d,2022-12-03,289
96e8aa8a-aec7-4513-91de-b4eef601799d,2022-12-04,290
96e8aa8a-aec7-4513-91de-b4eef601799d,2022-12-06,291
96e8aa8a-aec7-4513-91de-b4eef601799d,2022-12-08,292
96e8aa8a-aec7-4513-91de-b4eef601799d,2022-12-09,293
96e8aa8a-aec7-4513-91de-b4eef601799d,2022-12-10,294
96e8aa8a-aec7-4513-91de-b4eef601799d,2022-12-11,295
96e8aa8a-aec7-4513-91de-b4eef601799d,2022-12-13,296
96e8aa8a-aec7-4513-91de-b4eef601799d,2022-12-14,297
96e8aa8a-aec7-4513-91de-b4eef601799d,2022-12-15,298
96e8aa8a-aec7-4513-91de-b4eef601799d,2022-12-16,299
96e8aa8a-aec7-4513-91de-b4eef601799d,2022-12-18,300
96e8aa8a-aec7-4513-91de-b4eef601799d,2022-12-19,301
96e8aa8a-aec7-4513-91de-b4eef601799d,2022-12-20,302
96e8aa8a-aec7-4513-91de-b4eef601799d,2022-12-21,303
96e8aa8a-aec7-4513-91de-b4eef601799d,2022-12-22,304
96e8aa8a-aec7-4513-91de-b4eef601799d,2022-12-23,305
96e8aa8a-aec7-4513-91de-b4eef601799d,2022-12-26,306
96e8aa8a-aec7-4513-91de-b4eef601799d,2022-12-29,307
96e8aa8a-aec7-4513-91de-b4eef601799d,2022-12-30,308
96e8aa8a-aec7-4513-91de-b4eef601799d,2022-12-31,309
96e8aa8a-aec7-4513-91de-b4eef601799d,2023-01-02,310
96e8aa8a-aec7-4513-91de-b4eef601799d,2023-01-04,311
96e8aa8a-aec7-4513-91de-b4eef601799d,2023-01-06,312
96e8aa8a-aec7-4513-91de-b4eef601799d,2023-01-07,313
96e8aa8a-aec7-4513-91de-b4eef601799d,2023-01-10,314
96e8aa8a-aec7-4513-91de-b4eef601799d,2023-01-12,315
96e8aa8a-aec7-4513-91de-b4eef601799d,2023-01-13,316
96e8aa8a-aec7-4513-91de-b4eef601799d,2023-01-14,317
96e8aa8a-aec7-4513-91de-b4eef601799d,2023-01-15,318
96e8aa8a-aec7-4513-91de-b4eef601799d,2023-01-16,319
96e8aa8a-aec7-4513-91de-b4eef601799d,2023-01-19,320
96e8aa8a-aec7-4513-91de-b4eef601799d,2023-01-20,321
96e8aa8a-aec7-4513-91de-b4eef601799d,2023-01-21,322
96e8aa8a-aec7-4513-91de-b4eef601799d,2023-01-22,323
96e8aa8a-aec7-4513-91de-b4eef601799d,2023-01-24,324
96e8aa8a-aec7-4513-91de-b4eef601799d,2023-01-26,325
96e8aa8a-aec7-4513-91de-b4eef601799d,2023-01-27,326
96e8aa8a-aec7-4513-91de-b4eef601799d,2023-01-28,327
96e8aa8a-aec7-4513-91de-b4eef601799d,2023-01-29,328
96e8aa8a-aec7-4513-91de-b4eef601799d,2023-01-31,329
96e8aa8a-aec7-4513-91de-b4eef601799d,2023-02-02,330
96e8aa8a-aec7-4513-91de-b4eef601799d,2023-02-03,331
96e8aa8a-aec7-4513-91de-b4eef601799d,2023-02-04,332
96e8aa8a-aec7-4513-91de-b4eef601799d,2023-02-05,333
96e8aa8a-aec7-4513-91de-b4eef601799d,2023-02-07,334
96e8aa8a-aec7-4513-91de-b4eef601799d,2023-02-09,335
96e8aa8a-aec7-4513-91de-b4eef601799d,2023-02-10,336
96e8aa8a-aec7-4513-91de-b4eef601799d,2023-02-11,337
96e8aa8a-aec7-4513-91de-b4eef601799d,2023-02-12,338
96e8aa8a-aec7-4513-91de-b4eef601799d,2023-02-14,339
96e8aa8a-aec7-4513-91de-b4eef601799d,2023-02-16,340
96e8aa8a-aec7-4513-91de-b4eef601799d,2023-02-17,341
96e8aa8a-aec7-4513-91de-b4eef601799d,2023-02-18,342
96e8aa8a-aec7-4513-91de-b4eef601799d,2023-02-19,343
96e8aa8a-aec7-4513-91de-b4eef601799d,2023-02-21,344
96e8aa8a-aec7-4513-91de-b4eef601799d,2023-02-22,345
96e8aa8a-aec7-4513-91de-b4eef601799d,2023-02-24,346
96e8aa8a-aec7-4513-91de-b4eef601799d,2023-02-25,347
96e8aa8a-aec7-4513-91de-b4eef601799d,2023-02-26,348
96e8aa8a-aec7-4513-91de-b4eef601799d,2023-02-28,349
96e8aa8a-aec7-4513-91de-b4eef601799d,2023-03-01,350
96e8aa8a-aec7-4513-91de-b4eef601799d,2023-03-02,351
96e8aa8a-aec7-4513-91de-b4eef601799d,2023-03-04,352
96e8aa8a-aec7-4513-91de-b4eef601799d,2023-03-05,353
96e8aa8a-aec7-4513-91de-b4eef601799d,2023-03-07,354
96e8aa8a-aec7-4513-91de-b4eef601799d,2023-03-08,355
96e8aa8a-aec7-4513-91de-b4eef601799d,2023-03-09,356
96e8aa8a-aec7-4513-91de-b4eef601799d,2023-03-11,357
96e8aa8a-aec7-4513-91de-b4eef601799d,2023-03-12,358
96e8aa8a-aec7-4513-91de-b4eef601799d,2023-03-14,359
96e8aa8a-aec7-4513-91de-b4eef601799d,2023-03-16,360
96e8aa8a-aec7-4513-91de-b4eef601799d,2023-03-17,361
96e8aa8a-aec7-4513-91de-b4eef601799d,2023-03-18,362
96e8aa8a-aec7-4513-91de-b4eef601799d,2023-03-19,363
96e8aa8a-aec7-4513-91de-b4eef601799d,2023-03-22,364
96e8aa8a-aec7-4513-91de-b4eef601799d,2023-03-23,365
96e8aa8a-aec7-4513-91de-b4eef601799d,2023-03-24,366
96e8aa8a-aec7-4513-91de-b4eef601799d,2023-03-25,367
96e8aa8a-aec7-4513-91de-b4eef601799d,2023-03-26,368
96e8aa8a-aec7-4513-91de-b4eef601799d,2023-03-28,369
96e8aa8a-aec7-4513-91de-b4eef601799d,2023-03-30,370
96e8aa8a-aec7-4513-91de-b4eef601799d,2023-03-31,371
96e8aa8a-aec7-4513-91de-b4eef601799d,2023-04-01,372
96e8aa8a-aec7-4513-91de-b4eef601799d,2023-04-02,373
96e8aa8a-aec7-4513-91de-b4eef601799d,2023-04-04,374
96e8aa8a-aec7-4513-91de-b4eef601799d,2023-04-06,375
96e8aa8a-aec7-4513-91de-b4eef601799d,2023-04-07,376
96e8aa8a-aec7-4513-91de-b4eef601799d,2023-04-08,377
96e8aa8a-aec7-4513-91de-b4eef601799d,2023-04-10,378
96e8aa8a-aec7-4513-91de-b4eef601799d,2023-04-11,379
96e8aa8a-aec7-4513-91de-b4eef601799d,2023-04-13,380
96e8aa8a-aec7-4513-91de-b4eef601799d,2023-04-14,381
96e8aa8a-aec7-4513-91de-b4eef601799d,2023-04-15,382
96e8aa8a-aec7-4513-91de-b4eef601799d,2023-04-16,383
96e8aa8a-aec7-4513-91de-b4eef601799d,2023-04-18,384
96e8aa8a-aec7-4513-91de-b4eef601799d,2023-04-20,385
96e8aa8a-aec7-4513-91de-b4eef601799d,2023-04-21,386
96e8aa8a-aec7-4513-91de-b4eef601799d,2023-04-22,387
96e8aa8a-aec7-4513-91de-b4eef601799d,2023-04-23,388
96e8aa8a-aec7-4513-91de-b4eef601799d,2023-04-24,389
96e8aa8a-aec7-4513-91de-b4eef601799d,2023-04-25,390
96e8aa8a-aec7-4513-91de-b4eef601799d,2023-04-26,391
96e8aa8a-aec7-4513-91de-b4eef601799d,2023-05-01,392
96e8aa8a-aec7-4513-91de-b4eef601799d,2023-05-04,393
96e8aa8a-aec7-4513-91de-b4eef601799d,2023-05-05,394
96e8aa8a-aec7-4513-91de-b4eef601799d,2023-05-06,395
96e8aa8a-aec7-4513-91de-b4eef601799d,2023-05-07,396
96e8aa8a-aec7-4513-91de-b4eef601799d,2023-05-08,397
96e8aa8a-aec7-4513-91de-b4eef601799d,2023-05-10,398
96e8aa8a-aec7-4513-91de-b4eef601799d,2023-05-11,399
96e8aa8a-aec7-4513-91de-b4eef601799d,2023-05-12,400
96e8aa8a-aec7-4513-91de-b4eef601799d,2023-05-14,401
96e8aa8a-aec7-4513-91de-b4eef601799d,2023-05-15,402
96e8aa8a-aec7-4513-91de-b4eef601799d,2023-05-16,403
96e8aa8a-aec7-4513-91de-b4eef601799d,2023-05-17,404
96e8aa8a-aec7-4513-91de-b4eef601799d,2023-05-19,405
96e8aa8a-aec7-4513-91de-b4eef601799d,2023-05-21,406
96e8aa8a-aec7-4513-91de-b4eef601799d,2023-05-22,407
96e8aa8a-aec7-4513-91de-b4eef601799d,2023-05-23,408
96e8aa8a-aec7-4513-91de-b4eef601799d,2023-05-25,409
96e8aa8a-aec7-4513-91de-b4eef601799d,2023-05-26,410
96e8aa8a-aec7-4513-91de-b4eef601799d,2023-05-27,411
96e8aa8a-aec7-4513-91de-b4eef601799d,2023-06-01,412
96e8aa8a-aec7-4513-91de-b4eef601799d,2023-06-02,413
96e8aa8a-aec7-4513-91de-b4eef601799d,2023-06-03,414
96e8aa8a-aec7-4513-91de-b4eef601799d,2023-06-04,415
96e8aa8a-aec7-4513-91de-b4eef601799d,2023-06-05,416
96e8aa8a-aec7-4513-91de-b4eef601799d,2023-06-06,417
96e8aa8a-aec7-4513-91de-b4eef601799d,2023-06-08,418
96e8aa8a-aec7-4513-91de-b4eef601799d,2023-06-09,419
96e8aa8a-aec7-4513-91de-b4eef601799d,2023-06-11,420
96e8aa8a-aec7-4513-91de-b4eef601799d,2023-06-12,421
96e8aa8a-aec7-4513-91de-b4eef601799d,2023-06-13,422
96e8aa8a-aec7-4513-91de-b4eef601799d,2023-06-14,423
96e8aa8a-aec7-4513-91de-b4eef601799d,2023-06-17,424
96e8aa8a-aec7-4513-91de-b4eef601799d,2023-06-18,425
96e8aa8a-aec7-4513-91de-b4eef601799d,2023-06-20,426
96e8aa8a-aec7-4513-91de-b4eef601799d,2023-06-21,427
96e8aa8a-aec7-4513-91de-b4eef601799d,2023-06-22,428
96e8aa8a-aec7-4513-91de-b4eef601799d,2023-06-23,429
96e8aa8a-aec7-4513-91de-b4eef601799d,2023-06-25,430
96e8aa8a-aec7-4513-91de-b4eef601799d,2023-06-27,431
96e8aa8a-aec7-4513-91de-b4eef601799d,2023-06-28,432
96e8aa8a-aec7-4513-91de-b4eef601799d,2023-06-29,433
96e8aa8a-aec7-4513-91de-b4eef601799d,2023-07-01,434
96e8aa8a-aec7-4513-91de-b4eef601799d,2023-07-02,435
96e8aa8a-aec7-4513-91de-b4eef601799d,2023-07-04,436
96e8aa8a-aec7-4513-91de-b4eef601799d,2023-07-05,437
96e8aa8a-aec7-4513-91de-b4eef601799d,2023-07-07,438
96e8aa8a-aec7-4513-91de-b4eef601799d,2023-07-08,439
96e8aa8a-aec7-4513-91de-b4eef601799d,2023-07-11,440
96e8aa8a-aec7-4513-91de-b4eef601799d,2023-07-12,441
96e8aa8a-aec7-4513-91de-b4eef601799d,2023-07-13,442
96e8aa8a-aec7-4513-91de-b4eef601799d,2023-07-15,443
96e8aa8a-aec7-4513-91de-b4eef601799d,2023-07-16,444
96e8aa8a-aec7-4513-91de-b4eef601799d,2023-07-17,445
96e8aa8a-aec7-4513-91de-b4eef601799d,2023-07-18,446
96e8aa8a-aec7-4513-91de-b4eef601799d,2023-07-22,447
96e8aa8a-aec7-4513-91de-b4eef601799d,2023-07-24,448
96e8aa8a-aec7-4513-91de-b4eef601799d,2023-07-25,449
96e8aa8a-aec7-4513-91de-b4eef601799d,2023-07-26,450
96e8aa8a-aec7-4513-91de-b4eef601799d,2023-07-28,451
96e8aa8a-aec7-4513-91de-b4eef601799d,2023-07-29,452
96e8aa8a-aec7-4513-91de-b4eef601799d,2023-07-30,453
96e8aa8a-aec7-4513-91de-b4eef601799d,2023-08-01,454
96e8aa8a-aec7-4513-91de-b4eef601799d,2023-08-02,455
96e8aa8a-aec7-4513-91de-b4eef601799d,2023-08-03,456
96e8aa8a-aec7-4513-91de-b4eef601799d,2023-08-05,457
96e8aa8a-aec7-4513-91de-b4eef601799d,2023-08-06,458
96e8aa8a-aec7-4513-91de-b4eef601799d,2023-08-07,459
96e8aa8a-aec7-4513-91de-b4eef601799d,2023-08-09,460
96e8aa8a-aec7-4513-91de-b4eef601799d,2023-08-10,461
96e8aa8a-aec7-4513-91de-b4eef601799d,2023-08-11,462
96e8aa8a-aec7-4513-91de-b4eef601799d,2023-08-13,463
96e8aa8a-aec7-4513-91de-b4eef601799d,2023-08-14,464
96e8aa8a-aec7-4513-91de-b4eef601799d,2023-08-15,465
96e8aa8a-aec7-4513-91de-b4eef601799d,2023-08-17,466
96e8aa8a-aec7-4513-91de-b4eef601799d,2023-08-18,467
96e8aa8a-aec7-4513-91de-b4eef601799d,2023-08-19,468
96e8aa8a-aec7-4513-91de-b4eef601799d,2023-08-21,469
96e8aa8a-aec7-4513-91de-b4eef601799d,2023-08-22,470
96e8aa8a-aec7-4513-91de-b4eef601799d,2023-08-24,471
96e8aa8a-aec7-4513-91de-b4eef601799d,2023-08-26,472
96e8aa8a-aec7-4513-91de-b4eef601799d,2023-08-27,473
96e8aa8a-aec7-4513-91de-b4eef601799d,2023-08-28,474
96e8aa8a-aec7-4513-91de-b4eef601799d,2023-08-30,475
96e8aa8a-aec7-4513-91de-b4eef601799d,2023-08-31,476
96e8aa8a-aec7-4513-91de-b4eef601799d,2023-09-01,477
96e8aa8a-aec7-4513-91de-b4eef601799d,2023-09-03,478
96e8aa8a-aec7-4513-91de-b4eef601799d,2023-09-04,479
96e8aa8a-aec7-4513-91de-b4eef601799d,2023-09-05,480
96e8aa8a-aec7-4513-91de-b4eef601799d,2023-09-07,481
96e8aa8a-aec7-4513-91de-b4eef601799d,2023-09-08,482
96e8aa8a-aec7-4513-91de-b4eef601799d,2023-09-09,483
96e8aa8a-aec7-4513-91de-b4eef601799d,2023-09-11,484
96e8aa8a-aec7-4513-91de-b4eef601799d,2023-09-12,485
96e8aa8a-aec7-4513-91de-b4eef601799d,2023-09-13,486
96e8aa8a-aec7-4513-91de-b4eef601799d,2023-09-15,487
96e8aa8a-aec7-4513-91de-b4eef601799d,2023-09-16,488
96e8aa8a-aec7-4513-91de-b4eef601799d,2023-09-17,489
96e8aa8a-aec7-4513-91de-b4eef601799d,2023-09-19,490
96e8aa8a-aec7-4513-91de-b4eef601799d,2023-09-20,491
96e8aa8a-aec7-4513-91de-b4eef601799d,2023-09-21,492
96e8aa8a-aec7-4513-91de-b4eef601799d,2023-09-23,493
96e8aa8a-aec7-4513-91de-b4eef601799d,2023-09-24,494
96e8aa8a-aec7-4513-91de-b4eef601799d,2023-09-25,495
96e8aa8a-aec7-4513-91de-b4eef601799d,2023-09-28,496
96e8aa8a-aec7-4513-91de-b4eef601799d,2023-09-30,497
96e8aa8a-aec7-4513-91de-b4eef601799d,2023-10-03,498
96e8aa8a-aec7-4513-91de-b4eef601799d,2023-10-05,499
96e8aa8a-aec7-4513-91de-b4eef601799d,2023-10-07,500
96e8aa8a-aec7-4513-91de-b4eef601799d,2023-10-08,501
96e8aa8a-aec7-4513-91de-b4eef601799d,2023-10-09,502
96e8aa8a-aec7-4513-91de-b4eef601799d,2023-10-11,503
96e8aa8a-aec7-4513-91de-b4eef601799d,2023-10-12,504
96e8aa8a-aec7-4513-91de-b4eef601799d,2023-10-14,505
96e8aa8a-aec7-4513-91de-b4eef601799d,2023-10-15,506
96e8aa8a-aec7-4513-91de-b4eef601799d,2023-10-16,507
96e8aa8a-aec7-4513-91de-b4eef601799d,2023-10-18,508
96e8aa8a-aec7-4513-91de-b4eef601799d,2023-10-19,509
96e8aa8a-aec7-4513-91de-b4eef601799d,2023-10-20,510
96e8aa8a-aec7-4513-91de-b4eef601799d,2023-10-22,511
96e8aa8a-aec7-4513-91de-b4eef601799d,2023-10-23,512
96e8aa8a-aec7-4513-91de-b4eef601799d,2023-10-25,513
96e8aa8a-aec7-4513-91de-b4eef601799d,2023-10-26,514
96e8aa8a-aec7-4513-91de-b4eef601799d,2023-10-28,515
96e8aa8a-aec7-4513-91de-b4eef601799d,2023-10-29,516
96e8aa8a-aec7-4513-91de-b4eef601799d,2023-11-01,517
96e8aa8a-aec7-4513-91de-b4eef601799d,2023-11-02,518
96e8aa8a-aec7-4513-91de-b4eef601799d,2023-11-05,519
96e8aa8a-aec7-4513-91de-b4eef601799d,2023-11-06,520
96e8aa8a-aec7-4513-91de-b4eef601799d,2023-11-08,521
96e8aa8a-aec7-4513-91de-b4eef601799d,2023-11-09,522
96e8aa8a-aec7-4513-91de-b4eef601799d,2023-11-11,523
96e8aa8a-aec7-4513-91de-b4eef601799d,2023-11-12,524
96e8aa8a-aec7-4513-91de-b4eef601799d,2023-11-13,525
96e8aa8a-aec7-4513-91de-b4eef601799d,2023-12-02,526
96e8aa8a-aec7-4513-91de-b4eef601799d,2023-12-03,527
96e8aa8a-aec7-4513-91de-b4eef601799d,2023-12-05,528
96e8aa8a-aec7-4513-91de-b4eef601799d,2023-12-06,529
96e8aa8a-aec7-4513-91de-b4eef601799d,2023-12-07,530
96e8aa8a-aec7-4513-91de-b4eef601799d,2023-12-09,531
96e8aa8a-aec7-4513-91de-b4eef601799d,2023-12-10,532
96e8aa8a-aec7-4513-91de-b4eef601799d,2023-12-11,533
96e8aa8a-aec7-4513-91de-b4eef601799d,2023-12-13,534
96e8aa8a-aec7-4513-91de-b4eef601799d,2023-12-14,535
96e8aa8a-aec7-4513-91de-b4eef601799d,2023-12-16,536
96e8aa8a-aec7-4513-91de-b4eef601799d,2023-12-17,537
96e8aa8a-aec7-4513-91de-b4eef601799d,2023-12-18,538
96e8aa8a-aec7-4513-91de-b4eef601799d,2023-12-19,539
96e8aa8a-aec7-4513-91de-b4eef601799d,2023-12-20,540
96e8aa8a-aec7-4513-91de-b4eef601799d,2023-12-22,541
96e8aa8a-aec7-4513-91de-b4eef601799d,2024-03-25,542
96e8aa8a-aec7-4513-91de-b4eef601799d,2024-03-27,543
96e8aa8a-aec7-4513-91de-b4eef601799d,2024-03-29,544
96e8aa8a-aec7-4513-91de-b4eef601799d,2024-03-30,545
96e8aa8a-aec7-4513-91de-b4eef601799d,2024-04-01,546
96e8aa8a-aec7-4513-91de-b4eef601799d,2024-04-03,547
96e8aa8a-aec7-4513-91de-b4eef601799d,2024-04-04,548
96e8aa8a-aec7-4513-91de-b4eef601799d,2024-04-05,549
96e8aa8a-aec7-4513-91de-b4eef601799d,2024-04-07,550
96e8aa8a-aec7-4513-91de-b4eef601799d,2024-04-08,551
96e8aa8a-aec7-4513-91de-b4eef601799d,2024-04-10,552
96e8aa8a-aec7-4513-91de-b4eef601799d,2024-04-12,553
96e8aa8a-aec7-4513-91de-b4eef601799d,2024-04-13,554
96e8aa8a-aec7-4513-91de-b4eef601799d,2024-04-14,555
96e8aa8a-aec7-4513-91de-b4eef601799d,2024-04-15,556
96e8aa8a-aec7-4513-91de-b4eef601799d,2024-04-17,557
96e8aa8a-aec7-4513-91de-b4eef601799d,2024-04-19,558
96e8aa8a-aec7-4513-91de-b4eef601799d,2024-04-20,559
96e8aa8a-aec7-4513-91de-b4eef601799d,2024-04-21,560
96e8aa8a-aec7-4513-91de-b4eef601799d,2024-04-23,561
96e8aa8a-aec7-4513-91de-b4eef601799d,2024-04-24,562
96e8aa8a-aec7-4513-91de-b4eef601799d,2024-04-26,563
96e8aa8a-aec7-4513-91de-b4eef601799d,2024-04-27,564
96e8aa8a-aec7-4513-91de-b4eef601799d,2024-04-28,565
96e8aa8a-aec7-4513-91de-b4eef601799d,2024-04-29,566
96e8aa8a-aec7-4513-91de-b4eef601799d,2024-05-01,567
96e8aa8a-aec7-4513-91de-b4eef601799d,2024-05-02,568
96e8aa8a-aec7-4513-91de-b4eef601799d,2024-05-04,569
96e8aa8a-aec7-4513-91de-b4eef601799d,2024-05-05,570
96e8aa8a-aec7-4513-91de-b4eef601799d,2024-05-06,571
96e8aa8a-aec7-4513-91de-b4eef601799d,2024-05-08,572
96e8aa8a-aec7-4513-91de-b4eef601799d,2024-05-09,573
96e8aa8a-aec7-4513-91de-b4eef601799d,2024-05-10,574
96e8aa8a-aec7-4513-91de-b4eef601799d,2024-05-11,575
96e8aa8a-aec7-4513-91de-b4eef601799d,2024-05-13,576
96e8aa8a-aec7-4513-91de-b4eef601799d,2024-05-15,577
96e8aa8a-aec7-4513-91de-b4eef601799d,2024-05-16,578
96e8aa8a-aec7-4513-91de-b4eef601799d,2024-05-17,579
96e8aa8a-aec7-4513-91de-b4eef601799d,2024-05-18,580
96e8aa8a-aec7-4513-91de-b4eef601799d,2024-05-20,581
96e8aa8a-aec7-4513-91de-b4eef601799d,2024-05-23,582
96e8aa8a-aec7-4513-91de-b4eef601799d,2024-05-24,583
96e8aa8a-aec7-4513-91de-b4eef601799d,2024-05-25,584
96e8aa8a-aec7-4513-91de-b4eef601799d,2024-05-28,585
96e8aa8a-aec7-4513-91de-b4eef601799d,2024-05-30,586
96e8aa8a-aec7-4513-91de-b4eef601799d,2024-05-31,587
96e8aa8a-aec7-4513-91de-b4eef601799d,2024-06-01,588
96e8aa8a-aec7-4513-91de-b4eef601799d,2024-06-02,589
96e8aa8a-aec7-4513-91de-b4eef601799d,2024-06-03,590
96e8aa8a-aec7-4513-91de-b4eef601799d,2024-06-06,591
96e8aa8a-aec7-4513-91de-b4eef601799d,2024-06-07,592
96e8aa8a-aec7-4513-91de-b4eef601799d,2024-06-08,593
96e8aa8a-aec7-4513-91de-b4eef601799d,2024-06-09,594
96e8aa8a-aec7-4513-91de-b4eef601799d,2024-06-10,595
96e8aa8a-aec7-4513-91de-b4eef601799d,2024-06-13,596
96e8aa8a-aec7-4513-91de-b4eef601799d,2024-06-14,597
96e8aa8a-aec7-4513-91de-b4eef601799d,2024-06-17,598
96e8aa8a-aec7-4513-91de-b4eef601799d,2024-06-21,599
96e8aa8a-aec7-4513-91de-b4eef601799d,2024-06-22,600
96e8aa8a-aec7-4513-91de-b4eef601799d,2024-06-23,601
96e8aa8a-aec7-4513-91de-b4eef601799d,2024-06-24,602
96e8aa8a-aec7-4513-91de-b4eef601799d,2024-06-25,603
96e8aa8a-aec7-4513-91de-b4eef601799d,2024-06-27,604
96e8aa8a-aec7-4513-91de-b4eef601799d,2024-06-28,605
96e8aa8a-aec7-4513-91de-b4eef601799d,2024-06-30,606
96e8aa8a-aec7-4513-91de-b4eef601799d,2024-07-01,607
96e8aa8a-aec7-4513-91de-b4eef601799d,2024-07-03,608
96e8aa8a-aec7-4513-91de-b4eef601799d,2024-07-04,609
96e8aa8a-aec7-4513-91de-b4eef601799d,2024-07-05,610
96e8aa8a-aec7-4513-91de-b4eef601799d,2024-07-07,611
96e8aa8a-aec7-4513-91de-b4eef601799d,2024-07-08,612
96e8aa8a-aec7-4513-91de-b4eef601799d,2024-07-11,613
96e8aa8a-aec7-4513-91de-b4eef601799d,2024-07-12,614
96e8aa8a-aec7-4513-91de-b4eef601799d,2024-07-13,615
96e8aa8a-aec7-4513-91de-b4eef601799d,2024-07-14,616
96e8aa8a-aec7-4513-91de-b4eef601799d,2024-07-15,617
96e8aa8a-aec7-4513-91de-b4eef601799d,2024-07-16,618
96e8aa8a-aec7-4513-91de-b4eef601799d,2024-07-18,619
96e8aa8a-aec7-4513-91de-b4eef601799d,2024-07-19,620
96e8aa8a-aec7-4513-91de-b4eef601799d,2024-07-20,621
96e8aa8a-aec7-4513-91de-b4eef601799d,2024-07-22,622
96e8aa8a-aec7-4513-91de-b4eef601799d,2024-07-25,623
96e8aa8a-aec7-4513-91de-b4eef601799d,2024-07-26,624
96e8aa8a-aec7-4513-91de-b4eef601799d,2024-07-27,625
96e8aa8a-aec7-4513-91de-b4eef601799d,2024-07-28,626
96e8aa8a-aec7-4513-91de-b4eef601799d,2024-07-29,627
96e8aa8a-aec7-4513-91de-b4eef601799d,2024-08-01,628
96e8aa8a-aec7-4513-91de-b4eef601799d,2024-08-02,629
96e8aa8a-aec7-4513-91de-b4eef601799d,2024-08-03,630
96e8aa8a-aec7-4513-91de-b4eef601799d,2024-08-04,631
96e8aa8a-aec7-4513-91de-b4eef601799d,2024-08-05,632
96e8aa8a-aec7-4513-91de-b4eef601799d,2024-08-08,633
96e8aa8a-aec7-4513-91de-b4eef601799d,2024-08-09,634
96e8aa8a-aec7-4513-91de-b4eef601799d,2024-08-10,635
96e8aa8a-aec7-4513-91de-b4eef601799d,2024-08-11,636
96e8aa8a-aec7-4513-91de-b4eef601799d,2024-08-12,637
96e8aa8a-aec7-4513-91de-b4eef601799d,2024-08-14,638
96e8aa8a-aec7-4513-91de-b4eef601799d,2024-08-16,639
96e8aa8a-aec7-4513-91de-b4eef601799d,2024-08-17,640
96e8aa8a-aec7-4513-91de-b4eef601799d,2024-08-18,641
96e8aa8a-aec7-4513-91de-b4eef601799d,2024-08-19,642
96e8aa8a-aec7-4513-91de-b4eef601799d,2024-08-21,643
96e8aa8a-aec7-4513-91de-b4eef601799d,2024-08-23,644
96e8aa8a-aec7-4513-91de-b4eef601799d,2024-09-04,645
96e8aa8a-aec7-4513-91de-b4eef601799d,2024-09-06,646
96e8aa8a-aec7-4513-91de-b4eef601799d,2024-09-07,647
96e8aa8a-aec7-4513-91de-b4eef601799d,2024-09-08,648
96e8aa8a-aec7-4513-91de-b4eef601799d,2024-09-10,649
96e8aa8a-aec7-4513-91de-b4eef601799d,2024-09-11,650
96e8aa8a-aec7-4513-91de-b4eef601799d,2024-09-13,651
96e8aa8a-aec7-4513-91de-b4eef601799d,2024-09-14,652
96e8aa8a-aec7-4513-91de-b4eef601799d,2024-09-16,653
96e8aa8a-aec7-4513-91de-b4eef601799d,2024-09-18,654
96e8aa8a-aec7-4513-91de-b4eef601799d,2024-09-20,655
96e8aa8a-aec7-4513-91de-b4eef601799d,2024-09-21,656
96e8aa8a-aec7-4513-91de-b4eef601799d,2024-09-22,657
96e8aa8a-aec7-4513-91de-b4eef601799d,2024-09-23,658
96e8aa8a-aec7-4513-91de-b4eef601799d,2024-09-25,659
96e8aa8a-aec7-4513-91de-b4eef601799d,2024-09-26,660
96e8aa8a-aec7-4513-91de-b4eef601799d,2024-09-27,661
96e8aa8a-aec7-4513-91de-b4eef601799d,2024-09-29,662
96e8aa8a-aec7-4513-91de-b4eef601799d,2024-09-30,663
96e8aa8a-aec7-4513-91de-b4eef601799d,2024-10-02,664
96e8aa8a-aec7-4513-91de-b4eef601799d,2024-10-03,665
96e8aa8a-aec7-4513-91de-b4eef601799d,2024-10-04,666
96e8aa8a-aec7-4513-91de-b4eef601799d,2024-10-05,667
96e8aa8a-aec7-4513-91de-b4eef601799d,2024-10-07,668
96e8aa8a-aec7-4513-91de-b4eef601799d,2024-10-09,669
96e8aa8a-aec7-4513-91de-b4eef601799d,2024-10-10,670
96e8aa8a-aec7-4513-91de-b4eef601799d,2024-10-11,671
96e8aa8a-aec7-4513-91de-b4eef601799d,2024-10-12,672
96e8aa8a-aec7-4513-91de-b4eef601799d,2024-10-15,673
96e8aa8a-aec7-4513-91de-b4eef601799d,2024-10-16,674
96e8aa8a-aec7-4513-91de-b4eef601799d,2024-10-17,675
96e8aa8a-aec7-4513-91de-b4eef601799d,2024-10-18,676
96e8aa8a-aec7-4513-91de-b4eef601799d,2024-10-19,677
96e8aa8a-aec7-4513-91de-b4eef601799d,2024-10-21,678
96e8aa8a-aec7-4513-91de-b4eef601799d,2024-10-22,679
96e8aa8a-aec7-4513-91de-b4eef601799d,2024-10-24,680
96e8aa8a-aec7-4513-91de-b4eef601799d,2024-10-25,681
96e8aa8a-aec7-4513-91de-b4eef601799d,2024-10-26,682
96e8aa8a-aec7-4513-91de-b4eef601799d,2024-11-04,683
96e8aa8a-aec7-4513-91de-b4eef601799d,2024-11-05,684
96e8aa8a-aec7-4513-91de-b4eef601799d,2024-11-07,685
96e8aa8a-aec7-4513-91de-b4eef601799d,2024-11-08,686
96e8aa8a-aec7-4513-91de-b4eef601799d,2024-11-09,687
96e8aa8a-aec7-4513-91de-b4eef601799d,2024-11-11,688
96e8aa8a-aec7-4513-91de-b4eef601799d,2024-11-13,689
96e8aa8a-aec7-4513-91de-b4eef601799d,2024-11-14,690
96e8aa8a-aec7-4513-91de-b4eef601799d,2024-11-15,691
96e8aa8a-aec7-4513-91de-b4eef601799d,2024-11-16,692
96e8aa8a-aec7-4513-91de-b4eef601799d,2024-11-18,693
96e8aa8a-aec7-4513-91de-b4eef601799d,2024-11-19,694
96e8aa8a-aec7-4513-91de-b4eef601799d,2024-11-21,695
96e8aa8a-aec7-4513-91de-b4eef601799d,2024-11-22,696
96e8aa8a-aec7-4513-91de-b4eef601799d,2024-11-24,697
96e8aa8a-aec7-4513-91de-b4eef601799d,2024-11-25,698
96e8aa8a-aec7-4513-91de-b4eef601799d,2024-11-26,699
96e8aa8a-aec7-4513-91de-b4eef601799d,2024-11-28,700
96e8aa8a-aec7-4513-91de-b4eef601799d,2024-11-29,701
96e8aa8a-aec7-4513-91de-b4eef601799d,2024-11-30,702
96e8aa8a-aec7-4513-91de-b4eef601799d,2024-12-02,703
96e8aa8a-aec7-4513-91de-b4eef601799d,2024-12-03,704
96e8aa8a-aec7-4513-91de-b4eef601799d,2024-12-05,705
96e8aa8a-aec7-4513-91de-b4eef601799d,2024-12-06,706
96e8aa8a-aec7-4513-91de-b4eef601799d,2024-12-07,707
96e8aa8a-aec7-4513-91de-b4eef601799d,2024-12-09,708
96e8aa8a-aec7-4513-91de-b4eef601799d,2024-12-10,709
96e8aa8a-aec7-4513-91de-b4eef601799d,2024-12-11,710
96e8aa8a-aec7-4513-91de-b4eef601799d,2024-12-12,711
96e8aa8a-aec7-4513-91de-b4eef601799d,2024-12-13,712
96e8aa8a-aec7-4513-91de-b4eef601799d,2024-12-17,713
96e8aa8a-aec7-4513-91de-b4eef601799d,2024-12-18,714
96e8aa8a-aec7-4513-91de-b4eef601799d,2024-12-19,715
96e8aa8a-aec7-4513-91de-b4eef601799d,2024-12-21,716
96e8aa8a-aec7-4513-91de-b4eef601799d,2024-12-23,717
96e8aa8a-aec7-4513-91de-b4eef601799d,2024-12-24,718
96e8aa8a-aec7-4513-91de-b4eef601799d,2024-12-26,719
96e8aa8a-aec7-4513-91de-b4eef601799d,2024-12-28,720
96e8aa8a-aec7-4513-91de-b4eef601799d,2024-12-30,721
96e8aa8a-aec7-4513-91de-b4eef601799d,2025-01-02,722
96e8aa8a-aec7-4513-91de-b4eef601799d,2025-01-04,723
96e8aa8a-aec7-4513-91de-b4eef601799d,2025-01-07,724
96e8aa8a-aec7-4513-91de-b4eef601799d,2025-01-09,725
96e8aa8a-aec7-4513-91de-b4eef601799d,2025-01-10,726
96e8aa8a-aec7-4513-91de-b4eef601799d,2025-01-11,727
96e8aa8a-aec7-4513-91de-b4eef601799d,2025-01-12,728
96e8aa8a-aec7-4513-91de-b4eef601799d,2025-01-14,729
96e8aa8a-aec7-4513-91de-b4eef601799d,2025-01-22,730
96e8aa8a-aec7-4513-91de-b4eef601799d,2025-01-24,731
96e8aa8a-aec7-4513-91de-b4eef601799d,2025-01-25,732
96e8aa8a-aec7-4513-91de-b4eef601799d,2025-01-26,733
96e8aa8a-aec7-4513-91de-b4eef601799d,2025-01-28,734
96e8aa8a-aec7-4513-91de-b4eef601799d,2025-01-30,735
96e8aa8a-aec7-4513-91de-b4eef601799d,2025-01-31,736
96e8aa8a-aec7-4513-91de-b4eef601799d,2025-02-01,737
96e8aa8a-aec7-4513-91de-b4eef601799d,2025-02-02,738
96e8aa8a-aec7-4513-91de-b4eef601799d,2025-02-04,739
96e8aa8a-aec7-4513-91de-b4eef601799d,2025-02-06,740
96e8aa8a-aec7-4513-91de-b4eef601799d,2025-02-07,741
96e8aa8a-aec7-4513-91de-b4eef601799d,2025-02-08,742
96e8aa8a-aec7-4513-91de-b4eef601799d,2025-02-09,743
96e8aa8a-aec7-4513-91de-b4eef601799d,2025-02-11,744
96e8aa8a-aec7-4513-91de-b4eef601799d,2025-02-13,745
96e8aa8a-aec7-4513-91de-b4eef601799d,2025-02-14,746
96e8aa8a-aec7-4513-91de-b4eef601799d,2025-02-15,747
96e8aa8a-aec7-4513-91de-b4eef601799d,2025-02-16,748
96e8aa8a-aec7-4513-91de-b4eef601799d,2025-02-18,749
96e8aa8a-aec7-4513-91de-b4eef601799d,2025-02-20,750
96e8aa8a-aec7-4513-91de-b4eef601799d,2025-02-21,751
96e8aa8a-aec7-4513-91de-b4eef601799d,2025-02-22,752
96e8aa8a-aec7-4513-91de-b4eef601799d,2025-02-23,753
96e8aa8a-aec7-4513-91de-b4eef601799d,2025-02-25,754
96e8aa8a-aec7-4513-91de-b4eef601799d,2025-02-27,755
96e8aa8a-aec7-4513-91de-b4eef601799d,2025-02-28,756
96e8aa8a-aec7-4513-91de-b4eef601799d,2025-03-01,757
96e8aa8a-aec7-4513-91de-b4eef601799d,2025-03-02,758
96e8aa8a-aec7-4513-91de-b4eef601799d,2025-03-04,759
96e8aa8a-aec7-4513-91de-b4eef601799d,2025-03-06,760
96e8aa8a-aec7-4513-91de-b4eef601799d,2025-03-07,761
96e8aa8a-aec7-4513-91de-b4eef601799d,2025-03-08,762
96e8aa8a-aec7-4513-91de-b4eef601799d,2025-03-09,763
96e8aa8a-aec7-4513-91de-b4eef601799d,2025-03-11,764
96e8aa8a-aec7-4513-91de-b4eef601799d,2025-03-13,765
96e8aa8a-aec7-4513-91de-b4eef601799d,2025-03-14,766
96e8aa8a-aec7-4513-91de-b4eef601799d,2025-03-15,767
96e8aa8a-aec7-4513-91de-b4eef601799d,2025-03-16,768
